Australian Bureau of Statistics,,,,,,
"cat.no.1292.0.55.005 Australian and New Zealand Standard Industrial Classification (ANZSIC), 2006 - Correspondence Tables",,,,,,
"Table 6. CORRESPONDENCES, ANZSIC 2006 - ISIC Rev. 4",,,,,,
,,,,,,
ANZSIC 2006,,,ISIC Rev. 4,,,
A,"Agriculture, Forestry and Fishing",,,,,
A,Agriculture,,,,,
A,Nursery and Floriculture Production,,,,,
A,0111,Nursery Production (Under Cover),0129p,Growing of other perennial crops,,
A,,,0130p,Plant propagation,,
A,0112,Nursery Production (Outdoors),0129p,Growing of other perennial crops,,
A,,,0130p,Plant propagation,,
A,0113,Turf Growing,0130p,Plant propagation,,
A,0114,Floriculture Production (Under Cover),0119p,Growing of other non-perennial crops,,
A,,,0129p,Growing of other perennial crops,,
A,0115,Floriculture Production (Outdoors),0119p,Growing of other non-perennial crops,,
A,,,0129p,Growing of other perennial crops,,
A,Mushroom and Vegetable Growing,,,,,
A,0121,Mushroom Growing,0113p,"Growing of vegetables and melons, roots and tubers",,
A,,,0130p,Plant propagation,,
A,0122,Vegetable Growing (Under Cover),0111p,"Growing of cereals (except rice), leguminous crops and oil seeds",,
A,,,0113p,"Growing of vegetables and melons, roots and tubers",,
A,,,0119p,Growing of other non-perennial crops,,
A,,,0128p,"Growing of spices, aromatic, drug and pharmaceutical crops",,
A,,,0129p,Growing of other perennial crops,,
A,0123,Vegetable Growing (Outdoors),0111p,"Growing of cereals (except rice), leguminous crops and oil seeds",,
A,,,0113p,"Growing of vegetables and melons, roots and tubers",,
A,,,0119p,Growing of other non-perennial crops,,
A,,,0128p,"Growing of spices, aromatic, drug and pharmaceutical crops",,
A,,,0129p,Growing of other perennial crops,,
A,Fruit and Tree Nut Growing,,,,,
A,0131,Grape Growing,0121,Growing of grapes,,
A,0132,Kiwifruit Growing,0125p,Growing of other tree and bush fruits and nuts,,
A,0133,Berry Fruit Growing,0125p,Growing of other tree and bush fruits and nuts,,
A,0134,Apple and Pear Growing,0124p,Growing of pome fruits and stone fruits,,
A,0135,Stone Fruit Growing,0124p,Growing of pome fruits and stone fruits,,
A,0136,Citrus Fruit Growing,0123,Growing of citrus fruits,,
A,0137,Olive Growing,0126p,Growing of oleaginous fruits,,
A,0139,Other Fruit and Tree Nut Growing,0122,Growing of tropical and subtropical fruits,,
A,,,0125p,Growing of other tree and bush fruits and nuts,,
A,,,0126p,Growing of oleaginous fruits,,
A,"Sheep, Beef Cattle and Grain Farming",,,,,
A,0141,Sheep Farming (Specialised),0144p,Raising of sheep and goats,,
A,,,0162p,Support activities for animal production,,
A,0142,Beef Cattle Farming (Specialised),0141p,Raising of cattle and buffaloes,,
A,,,0162p,Support activities for animal production,,
A,0143,Beef Cattle Feedlots (Specialised),0141p,Raising of cattle and buffaloes,,
A,0144,Sheep-Beef Cattle Farming,0141p,Raising of cattle and buffaloes,,
A,,,0144p,Raising of sheep and goats,,
A,0145,Grain-Sheep or Grain-Beef Cattle Farming,0150,Mixed farming,,
A,0146,Rice Growing,0112,Growing of rice,,
A,0149,Other Grain Growing,0111p,"Growing of cereals (except rice), leguminous crops and oil seeds",,
A,,,0119p,Growing of other non-perennial crops,,
A,Other Crop Growing,,,,,
A,0151,Sugar Cane Growing,0114,Growing of sugar cane,,
A,0152,Cotton Growing,0116p,Growing of fibre crops,,
A,0159,Other Crop Growing n.e.c.,0111p,"Growing of cereals (except rice), leguminous crops and oil seeds",,
A,,,0115,Growing of tobacco,,
A,,,0116p,Growing of fibre crops,,
A,,,0119p,Growing of other non-perennial crops,,
A,,,0127,Growing of beverage crops,,
A,,,0128p,"Growing of spices, aromatic, drug and pharmaceutical crops",,
A,,,0129p,Growing of other perennial crops,,
A,Dairy Cattle Farming,,,,,
A,0160,Dairy Cattle Farming,0141p,Raising of cattle and buffaloes,,
A,Poultry Farming,,,,,
A,0171,Poultry Farming (Meat),0146p,Raising of poultry,,
A,0172,Poultry Farming (Eggs) ,0146p,Raising of poultry,,
A,Deer Farming,,,,,
A,0180,Deer Farming,0149p,Raising of other animals,,
A,Other Livestock Farming,,,,,
A,0191,Horse Farming,0142p,Raising of horses and other equines,,
A,,,0162p,Support activities for animal production,,
A,0192,Pig Farming,0145,Raising of swine/pigs,,
A,0193,Beekeeping,0149p,Raising of other animals,,
A,0199,Other Livestock Farming n.e.c.,0142p,Raising of horses and other equines,,
A,,,0143,Raising of camels and camelids,,
A,,,0144p,Raising of sheep and goats,,
A,,,0149p,Raising of other animals,,
A,Aquaculture,,,,,
A,Aquaculture,,,,,
A,0201,Offshore Longline and Rack Aquaculture,0321p,Marine aquaculture,,
A,0202,Offshore Caged Aquaculture,0321p,Marine aquaculture,,
A,0203,Onshore Aquaculture,0321p,Marine aquaculture,,
A,,,0322,Freshwater aquaculture,,
A,Forestry and Logging,,,,,
A,Forestry and Logging,,,,,
A,0301,Forestry,0210p,Silviculture and other forestry activities,,
A,,,0230,Gathering of non-wood forest products,,
A,0302,Logging,0220,Logging,,
A,"Fishing, Hunting and Trapping",,,,,
A,Fishing,,,,,
A,0411,Rock Lobster and Crab Potting,0311p,Marine fishing,,
A,0412,Prawn Fishing,0311p,Marine fishing,,
A,0413,Line Fishing,0311p,Marine fishing,,
A,0414,"Fish Trawling, Seining and Netting",0311p,Marine fishing,,
A,0419,Other Fishing,0311p,Marine fishing,,
A,,,0312p,Freshwater fishing,,
A,Hunting and Trapping,,,,,
A,0420,Hunting and Trapping,0170,"Hunting, trapping and related service activities",,
A,"Agriculture, Forestry and Fishing Support Services",,,,,
A,Forestry Support Services,Support Services,,,,
A,0510,Forestry Support Services,0210p,Silviculture and other forestry activities,,
A,,,0240p,Support services to forestry,,
A,Agriculture and Fishing Support Services,,,,,
A,0521,Cotton Ginning,0163p,Post-harvest crop activities,,
A,0522,Shearing Services,0162p,Support activities for animal production,,
A,0529,Other Agriculture and Fishing Support Services,0161,Support activities for crop production,,
A,,,0162p,Support activities for animal production,,
A,,,0163p,Post-harvest crop activities,,
A,,,0164,Seed processing for propagation,,
A,,,0311p,Marine fishing,,
A,,,0312p,Freshwater fishing,,
A,,,,,,
B,Mining,,,,,
B,Coal Mining,,,,,
B,Coal Mining,,,,,
B,0600,Coal Mining,0510p,Mining of hard coal,,
B,,,0520,Mining of lignite,,
B,,,0892,Extraction of peat,,
B,Oil and Gas Extraction ,,,,,
B,Oil and Gas Extraction ,,,,,
B,0700,Oil and Gas Extraction,0610,Extraction of crude petroleum,,
B,,,0620,Extraction of natural gas,,
B,,,0910p,Support activities for petroleum and natural gas extraction,,
B,Metal Ore Mining,,,,,
B,Metal Ore Mining,,,,,
B,0801,Iron Ore Mining,0710,Mining of iron ores,,
B,0802,Bauxite Mining,0729p,Mining of other non-ferrous metal ores,,
B,0803,Copper Ore Mining,0729p,Mining of other non-ferrous metal ores,,
B,0804,Gold Ore Mining,0729p,Mining of other non-ferrous metal ores,,
B,0805,Mineral Sand Mining,0729p,Mining of other non-ferrous metal ores,,
B,0806,Nickel Ore Mining,0729p,Mining of other non-ferrous metal ores,,
B,0807,Silver-Lead-Zinc Ore Mining,0729p,Mining of other non-ferrous metal ores,,
B,0809,Other Metal Ore Mining,0721,Mining of uranium and thorium ores,,
B,,,0729p,Mining of other non-ferrous metal ores,,
B,Non-Metallic Mineral Mining and Quarrying,,,,,
B,Construction Material Mining,,,,,
B,0911,Gravel and Sand Quarrying,0810p,"Quarrying of stone, sand and clay",,
B,0919,Other Construction Material Mining,0810p,"Quarrying of stone, sand and clay",,
B,Other Non-Metallic Mineral Mining and Quarrying,,,,,
B,0990,Other Non-Metallic Mineral Mining and Quarrying,0810p,"Quarrying of stone, sand and clay",,
B,,,0891,Mining of chemical and fertilizer minerals,,
B,,,0893,Extraction of salt,,
B,,,0899,Other mining and quarrying n.e.c.,,
B,Exploration and Other Mining Support Services,,,,,
B,Exploration,,,,,
B,1011,Petroleum Exploration,0910p,Support activities for petroleum and natural gas extraction,,
B,1012,Mineral Exploration,0990p,Support activities for other mining and quarrying,,
B,Other Mining Support Services,,,,,
B,1090,Other Mining Support Services,0910p,Support activities for petroleum and natural gas extraction,,
B,,,0990p,Support activities for other mining and quarrying,,
B,,,,,,
C,Manufacturing,,,,,
C,Food Product Manufacturing,,,,,
C,Meat and Meat Product Manufacturing,,,,,
C,1111,Meat Processing,1010p,Processing and preserving of meat,,
C,,,1075p,Manufacture of prepared meals and dishes,,
C,1112,Poultry Processing,1010p,Processing and preserving of meat,,
C,,,1075p,Manufacture of prepared meals and dishes,,
C,1113,Cured Meat and Smallgoods Manufacturing,1010p,Processing and preserving of meat,,
C,,,1075p,Manufacture of prepared meals and dishes,,
C,Seafood Processing,,,,,
C,1120,Seafood Processing,0311p,Marine fishing,,
C,,,1020p,"Processing and preserving of fish, crustaceans and molluscs",,
C,,,1075p,Manufacture of prepared meals and dishes,,
C,Dairy Product Manufacturing,,,,,
C,1131,Milk and Cream Processing,1050p,Manufacture of dairy products,,
C,1132,Ice Cream Manufacturing,1050p,Manufacture of dairy products,,
C,1133,Cheese and Other Dairy Product Manufacturing,1050p,Manufacture of dairy products,,
C,,,1079p,Manufacture of other food products n.e.c.,,
C,Fruit and Vegetable Processing,,,,,
C,1140,Fruit and Vegetable Processing,1030p,Processing and preserving of fruit and vegetables,,
C,,,1075p,Manufacture of prepared meals and dishes,,
C,,,1079p,Manufacture of other food products n.e.c.,,
C,Oil and Fat Manufacturing,,,,,
C,1150,Oil and Fat Manufacturing,1040,Manufacture of vegetable and animal oils and fats,,
C,,,1062p,Manufacture of starches and starch products,,
C,,,1073p,"Manufacture of cocoa, chocolate and sugar confectionery",,
C,Grain Mill and Cereal Product Manufacturing,,,,,
C,1161,Grain Mill Product Manufacturing,1061p,Manufacture of grain mill products,,
C,,,1062p,Manufacture of starches and starch products,,
C,,,1075p,Manufacture of prepared meals and dishes,,
C,,,1079p,Manufacture of other food products n.e.c.,,
C,,,1103p,Manufacture of malt liquors and malt,,
C,1162,"Cereal, Pasta and Baking Mix Manufacturing",1061p,Manufacture of grain mill products,,
C,,,1074,"Manufacture of macaroni, noodles, couscous and similar farinaceous products",,
C,Bakery Product Manufacturing,,,,,
C,1171,Bread Manufacturing (Factory based),1061p,Manufacture of grain mill products,,
C,,,1071p,Manufacture of bakery products,,
C,1172,Cake and Pastry Manufacturing (Factory based),1071p,Manufacture of bakery products,,
C,1173,Biscuit Manufacturing (Factory based),1071p,Manufacture of bakery products,,
C,1174,Bakery Product Manufacturing (Non-factory based),1071p,Manufacture of bakery products,,
C,Sugar and Confectionery Manufacturing,,,,,
C,1181,Sugar Manufacturing,1072,Manufacture of sugar,,
C,1182,Confectionery Manufacturing,1073p,"Manufacture of cocoa, chocolate and sugar confectionery",,
C,Other Food Product Manufacturing,,,,,
C,1191,"Potato, Corn and Other Crisp Manufacturing",1030p,Processing and preserving of fruit and vegetables,,
C,,,1071p,Manufacture of bakery products,,
C,,,1079p,Manufacture of other food products n.e.c.,,
C,1192,Prepared Animal and Bird Feed Manufacturing,1080,Manufacture of prepared animal feeds,,
C,1199,Other Food Product Manufacturing n.e.c.,1030p,Processing and preserving of fruit and vegetables,,
C,,,1071p,Manufacture of bakery products,,
C,,,1075p,Manufacture of prepared meals and dishes,,
C,,,1079p,Manufacture of other food products n.e.c.,,
C,Beverage and Tobacco Product Manufacturing,,,,,
C,Beverage Manufacturing,,,,,
C,1211,"Soft Drink, Cordial and Syrup Manufacturing",1030p,Processing and preserving of fruit and vegetables,,
C,,,1079p,Manufacture of other food products n.e.c.,,
C,,,1102p,Manufacture of wines,,
C,,,1104,Manufacture of soft drinks; production of mineral waters and other bottled water,,
C,1212,Beer Manufacturing,1103p,Manufacture of malt liquors and malt,,
C,1213,Spirit Manufacturing,1101,"Distilling, rectifying and blending of spirits",,
C,1214,Wine and Other Alcoholic Beverage Manufacturing,1079p,Manufacture of other food products n.e.c.,,
C,,,1102p,Manufacture of wines,,
C,Cigarette and Tobacco Product Manufacturing,,,,,
C,1220,Cigarette and Tobacco Product Manufacturing,1200,Manufacture of tobacco products,,
C,"Textile, Leather, Clothing and Footwear Manufacturing",,,,,
C,Textile Manufacturing,,,,,
C,1311,Wool Scouring,1311p,Preparation and spinning of textile fibres,,
C,,,2023p,"Manufacture of soap and detergents, cleaning and polishing preparations, perfumes and toilet preparations",,
C,1312,Natural Textile Manufacturing,1311p,Preparation and spinning of textile fibres,,
C,,,1312p,Weaving of textiles,,
C,1313,Synthetic Textile Manufacturing,1311p,Preparation and spinning of textile fibres,,
C,,,1312p,Weaving of textiles,,
C,,,1399p,Manufacture of other textiles n.e.c.,,
C,"Leather Tanning, Fur Dressing and Leather Product Manufacturing",,,,,
C,1320,"Leather Tanning, Fur Dressing and Leather Product Manufacturing",1420p,Manufacture of articles of fur,,
C,,,1511,Tanning and dressing of leather; dressing and dyeing of fur,,
C,,,1512p,"Manufacture of luggage, handbags and the like, saddlery and harness",,
C,,,3092p,Manufacture of bicycles and invalid carriages,,
C,,,3290p,Other manufacturing n.e.c.,,
C,Textile Product Manufacturing,,,,,
C,1331,Textile Floor Covering Manufacturing,1393,Manufacture of carpets and rugs,,
C,1332,"Rope, Cordage and Twine Manufacturing",1394,"Manufacture of cordage, rope, twine and netting",,
C,1333,Cut and Sewn Textile Product Manufacturing,1392p,"Manufacture of made-up textile articles, except apparel",,
C,,,1399p,Manufacture of other textiles n.e.c.,,
C,1334,Textile Finishing and Other Textile Product Manufacturing,1313p,Finishing of textiles,,
C,,,1392p,"Manufacture of made-up textile articles, except apparel",,
C,,,1399p,Manufacture of other textiles n.e.c.,,
C,,,1709p,Manufacture of other articles of paper and paperboard,,
C,,,2100p,"Manufacture of pharmaceuticals, medicinal chemical and botanical products",,
C,Knitted Product Manufacturing,,,,,
C,1340,Knitted Product Manufacturing,1391,Manufacture of knitted and crocheted fabrics,,
C,,,1392p,"Manufacture of made-up textile articles, except apparel",,
C,,,1410p,"Manufacture of wearing apparel, except fur apparel",,
C,,,1430,Manufacture of knitted and crocheted apparel,,
C,Clothing and Footwear Manufacturing,,,,,
C,1351,Clothing Manufacturing,1399p,Manufacture of other textiles n.e.c.,,
C,,,1410p,"Manufacture of wearing apparel, except fur apparel",,
C,,,1420p,Manufacture of articles of fur,,
C,,,2219p,Manufacture of other rubber products,,
C,,,2220p,Manufacture of plastics products,,
C,,,3230p,Manufacture of sports goods,,
C,,,3290p,Other manufacturing n.e.c.,,
C,1352,Footwear Manufacturing,1520p,Manufacture of footwear,,
C,,,1629p,"Manufacture of other products of wood; manufacture of articles of cork, straw and plaiting materials",,
C,,,2219p,Manufacture of other rubber products,,
C,,,2220p,Manufacture of plastics products,,
C,,,3230p,Manufacture of sports goods,,
C,Wood Product Manufacturing,,,,,
C,Log Sawmilling and Timber Dressing,,,,,
C,1411,Log Sawmilling,1610p,Sawmilling and planing of wood,,
C,1412,Wood Chipping,1610p,Sawmilling and planing of wood,,
C,1413,Timber Resawing and Dressing,1610p,Sawmilling and planing of wood,,
C,,,1622p,Manufacture of builders' carpentry and joinery,,
C,Other Wood Product Manufacturing,,,,,
C,1491,Prefabricated Wooden Building Manufacturing,1622p,Manufacture of builders' carpentry and joinery,,
C,1492,Wooden Structural Fitting and Component Manufacturing,1622p,Manufacture of builders' carpentry and joinery,,
C,,,4330p,Building completion and finishing,,
C,1493,Veneer and Plywood Manufacturing,1621p,Manufacture of veneer sheets and wood-based panels,,
C,1494,Reconstituted Wood Product Manufacturing,1621p,Manufacture of veneer sheets and wood-based panels,,
C,1499,Other Wood Product Manufacturing n.e.c.,1623,Manufacture of wooden containers,,
C,,,1629p,"Manufacture of other products of wood; manufacture of articles of cork, straw and plaiting materials",,
C,,,3290p,Other manufacturing n.e.c.,,
C,"Pulp, Paper and Converted Paper Product Manufacturing",,,,,
C,"Pulp, Paper and Paperboard Manufacturing",,,,,
C,1510,"Pulp, Paper and Paperboard Manufacturing",1701p,"Manufacture of pulp, paper and paperboard",,
C,Converted Paper Product Manufacturing,,,,,
C,1521,Corrugated Paperboard and Paperboard Container Manufacturing,1702p,Manufacture of corrugated paper and paperboard and of containers of paper and paperboard,,
C,1522,Paper Bag Manufacturing,1702p,Manufacture of corrugated paper and paperboard and of containers of paper and paperboard,,
C,1523,Paper Stationery Manufacturing,1709p,Manufacture of other articles of paper and paperboard,,
C,,,3240p,Manufacture of games and toys,,
C,1524,Sanitary Paper Product Manufacturing,1709p,Manufacture of other articles of paper and paperboard,,
C,,,3250p,Manufacture of medical and dental instruments and supplies,,
C,1529,Other Converted Paper Product Manufacturing,1709p,Manufacture of other articles of paper and paperboard,,
C,Printing (including the Reproduction of Recorded Media),,,,,
C,Printing and Printing Support Services,,,,,
C,1611,Printing,1313p,Finishing of textiles,,
C,,,1811,Printing,,
C,1612,Printing Support Services,1812,Service activities related to printing,,
C,Reproduction of Recorded Media,,,,,
C,1620,Reproduction of Recorded Media,1820,Reproduction of recorded media,,
C,Petroleum and Coal Product Manufacturing,,,,,
C,Petroleum and Coal Product Manufacturing,,,,,
C,1701,Petroleum Refining and Petroleum Fuel Manufacturing,1920p,Manufacture of refined petroleum products,,
C,1709,Other Petroleum and Coal Product Manufacturing,1910p,Manufacture of coke oven products,,
C,,,1920p,Manufacture of refined petroleum products,,
C,,,2011p,Manufacture of basic chemicals,,
C,,,2029p,Manufacture of other chemical products n.e.c.,,
C,,,2399p,Manufacture of other non-metallic mineral products n.e.c.,,
C,Basic Chemical and Chemical Product Manufacturing,,,,,
C,Basic Chemical Manufacturing,,,,,
C,1811,Industrial Gas Manufacturing,1910p,Manufacture of coke oven products,,
C,,,1920p,Manufacture of refined petroleum products,,
C,,,2011p,Manufacture of basic chemicals,,
C,1812,Basic Organic Chemical Manufacturing,1910p,Manufacture of coke oven products,,
C,,,2011p,Manufacture of basic chemicals,,
C,1813,Basic Inorganic Chemical Manufacturing,2011p,Manufacture of basic chemicals,,
C,,,2012p,Manufacture of fertilizers and nitrogen compounds,,
C,,,2100p,"Manufacture of pharmaceuticals, medicinal chemical and botanical products",,
C,Basic Polymer Manufacturing,,,,,
C,1821,Synthetic Resin and Synthetic Rubber Manufacturing,2013p,Manufacture of plastics and synthetic rubber in primary forms,,
C,1829,Other Basic Polymer Manufacturing,2013p,Manufacture of plastics and synthetic rubber in primary forms,,
C,,,2030,Manufacture of man-made fibres,,
C,Fertiliser and Pesticide Manufacturing,,,,,
C,1831,Fertiliser Manufacturing,2012p,Manufacture of fertilizers and nitrogen compounds,,
C,,,3821p,Treatment and disposal of non-hazardous waste,,
C,1832,Pesticide Manufacturing,2021,Manufacture of pesticides and other agrochemical products,,
C,Pharmaceutical and Medicinal Product Manufacturing,,,,,
C,1841,Human Pharmaceutical and Medicinal Product Manufacturing,2100p,"Manufacture of pharmaceuticals, medicinal chemical and botanical products",,
C,1842,Veterinary Pharmaceutical and Medicinal Product Manufacturing,2100p,"Manufacture of pharmaceuticals, medicinal chemical and botanical products",,
C,Cleaning Compound and Toiletry Preparation Manufacturing,,,,,
C,1851,Cleaning Compound Manufacturing,2023p,"Manufacture of soap and detergents, cleaning and polishing preparations, perfumes and toilet preparations",,
C,1852,Cosmetic and Toiletry Preparation Manufacturing,2023p,"Manufacture of soap and detergents, cleaning and polishing preparations, perfumes and toilet preparations",,
C,Other Basic Chemical Product Manufacturing,,,,,
C,1891,Photographic Chemical Product Manufacturing,2011p,Manufacture of basic chemicals,,
C,,,2029p,Manufacture of other chemical products n.e.c.,,
C,1892,Explosive Manufacturing,2011p,Manufacture of basic chemicals,,
C,,,2012p,Manufacture of fertilizers and nitrogen compounds,,
C,,,2029p,Manufacture of other chemical products n.e.c.,,
C,1899,Other Basic Chemical Product Manufacturing n.e.c.,2011p,Manufacture of basic chemicals,,
C,,,2029p,Manufacture of other chemical products n.e.c.,,
C,Polymer Product and Rubber Product Manufacturing,,,,,
C,Polymer Product Manufacturing,,,,,
C,1911,Polymer Film and Sheet Packaging Material Manufacturing,2220p,Manufacture of plastics products,,
C,1912,Rigid and Semi-Rigid Polymer Product Manufacturing,2220p,Manufacture of plastics products,,
C,,,2733p,Manufacture of wiring devices,,
C,,,3100p,Manufacture of furniture,,
C,,,3290p,Other manufacturing n.e.c.,,
C,1913,Polymer Foam Product Manufacturing,2220p,Manufacture of plastics products,,
C,,,2733p,Manufacture of wiring devices,,
C,,,3290p,Other manufacturing n.e.c.,,
C,,,4330p,Building completion and finishing,,
C,1914,Tyre Manufacturing,2211,Manufacture of rubber tyres and tubes; retreading and rebuilding of rubber tyres,,
C,1915,Adhesive Manufacturing,2029p,Manufacture of other chemical products n.e.c.,,
C,1916,Paint and Coatings Manufacturing,2011p,Manufacture of basic chemicals,,
C,,,2022,"Manufacture of paints, varnishes and similar coatings, printing ink and mastics",,
C,,,2029p,Manufacture of other chemical products n.e.c.,,
C,1919,Other Polymer Product Manufacturing,1410p,"Manufacture of wearing apparel, except fur apparel",,
C,,,2219p,Manufacture of other rubber products,,
C,,,2220p,Manufacture of plastics products,,
C,,,2930p,Manufacture of parts and accessories for motor vehicles,,
C,,,3011p,Building of ships and floating structures,,
C,,,3290p,Other manufacturing n.e.c.,,
C,Natural Rubber Product Manufacturing,,,,,
C,1920,Natural Rubber Product Manufacturing,2219p,Manufacture of other rubber products,,
C,Non-Metallic Mineral Product Manufacturing,,,,,
C,Glass and Glass Product Manufacturing,,,,,
C,2010,Glass and Glass Product Manufacturing,2310p,Manufacture of glass and glass products,,
C,Ceramic Product Manufacturing,,,,,
C,2021,Clay Brick Manufacturing,2392p,Manufacture of clay building materials,,
C,2029,Other Ceramic Product Manufacturing,2391,Manufacture of refractory products,,
C,,,2392p,Manufacture of clay building materials,,
C,,,2393,Manufacture of other porcelain and ceramic products,,
C,"Cement, Lime, Plaster and Concrete Product Manufacturing",,,,,
C,2031,Cement and Lime Manufacturing,2394p,"Manufacture of cement, lime and plaster",,
C,2032,Plaster Product Manufacturing,2394p,"Manufacture of cement, lime and plaster",,
C,,,2395p,"Manufacture of articles of concrete, cement and plaster",,
C,2033,Ready-Mixed Concrete Manufacturing,2395p,"Manufacture of articles of concrete, cement and plaster",,
C,2034,Concrete Product Manufacturing,2395p,"Manufacture of articles of concrete, cement and plaster",,
C,Other Non-Metallic Mineral Product Manufacturing,,,,,
C,2090,Other Non-Metallic Mineral Product Manufacturing,1709p,Manufacture of other articles of paper and paperboard,,
C,,,2310p,Manufacture of glass and glass products,,
C,,,2395p,"Manufacture of articles of concrete, cement and plaster",,
C,,,2396,"Cutting, shaping and finishing of stone",,
C,,,2399p,Manufacture of other non-metallic mineral products n.e.c.,,
C,,,3290p,Other manufacturing n.e.c.,,
C,Primary Metal and Metal Product Manufacturing,,,,,
C,Basic Ferrous Metal Manufacturing,,,,,
C,2110,Iron Smelting and Steel Manufacturing,2410p,Manufacture of basic iron and steel,,
C,,,2599p,Manufacture of other fabricated metal products n.e.c.,,
C,Basic Ferrous Metal Product Manufacturing,,,,,
C,2121,Iron and Steel Casting,2410p,Manufacture of basic iron and steel,,
C,,,2431,Casting of iron and steel,,
C,,,2599p,Manufacture of other fabricated metal products n.e.c.,,
C,2122,Steel Pipe and Tube Manufacturing,2410p,Manufacture of basic iron and steel,,
C,Basic Non-Ferrous Metal Manufacturing,,,,,
C,2131,Alumina Production,2420p,Manufacture of basic precious and other non-ferrous metals,,
C,2132,Aluminium Smelting,2420p,Manufacture of basic precious and other non-ferrous metals,,
C,2133,"Copper, Silver, Lead and Zinc Smelting and Refining",2420p,Manufacture of basic precious and other non-ferrous metals,,
C,2139,Other Basic Non-Ferrous Metal Manufacturing,2420p,Manufacture of basic precious and other non-ferrous metals,,
C,Basic Non-Ferrous Metal Product Manufacturing,,,,,
C,2141,Non-Ferrous Metal Casting,2432,Casting of non-ferrous metals,,
C,2142,"Aluminium Rolling, Drawing, Extruding",2420p,Manufacture of basic precious and other non-ferrous metals,,
C,,,2591p,"Forging, pressing, stamping and roll-forming of metal; powder metallurgy",,
C,,,2599p,Manufacture of other fabricated metal products n.e.c.,,
C,2149,Other Basic Non-Ferrous Metal Product Manufacturing,2420p,Manufacture of basic precious and other non-ferrous metals,,
C,,,2591p,"Forging, pressing, stamping and roll-forming of metal; powder metallurgy",,
C,,,2599p,Manufacture of other fabricated metal products n.e.c.,,
C,Fabricated Metal Product Manufacturing,,,,,
C,Iron and Steel Forging,,,,,
C,2210,Iron and Steel Forging,2591p,"Forging, pressing, stamping and roll-forming of metal; powder metallurgy",,
C,Structural Metal Product Manufacturing,,,,,
C,2221,Structural Steel Fabricating,2511p,Manufacture of structural metal products,,
C,2222,Prefabricated Metal Building Manufacturing,2511p,Manufacture of structural metal products,,
C,2223,Architectural Aluminium Product Manufacturing,2511p,Manufacture of structural metal products,,
C,2224,Metal Roof and Guttering Manufacturing (except Aluminium),2511p,Manufacture of structural metal products,,
C,2229,Other Structural Metal Product Manufacturing,2511p,Manufacture of structural metal products,,
C,Metal Container Manufacturing,,,,,
C,2231,"Boiler, Tank and Other Heavy Gauge Metal Container Manufacturing",2512,"Manufacture of tanks, reservoirs and containers of metal",,
C,,,2513p,"Manufacture of steam generators, except central heating hot water boilers",,
C,2239,Other Metal Container Manufacturing,2599p,Manufacture of other fabricated metal products n.e.c.,,
C,Sheet Metal Product Manufacturing (except Metal Structural and Container Products) ,,,,,
C,2240,Sheet Metal Product Manufacturing (except Metal Structural and Container Products),2511p,Manufacture of structural metal products,,
C,,,2591p,"Forging, pressing, stamping and roll-forming of metal; powder metallurgy",,
C,,,2599p,Manufacture of other fabricated metal products n.e.c.,,
C,Other Fabricated Metal Product Manufacturing,,,,,
C,2291,Spring and Wire Product Manufacturing,2599p,Manufacture of other fabricated metal products n.e.c.,,
C,,,3099p,Manufacture of other transport equipment n.e.c.,,
C,2292,"Nut, Bolt, Screw and Rivet Manufacturing",2599p,Manufacture of other fabricated metal products n.e.c.,,
C,2293,Metal Coating and Finishing,2592,Treatment and coating of metals; machining,,
C,2299,Other Fabricated Metal Product Manufacturing n.e.c.,2511p,Manufacture of structural metal products,,
C,,,2520,Manufacture of weapons and ammunition,,
C,,,2593p,"Manufacture of cutlery, hand tools and general hardware",,
C,,,2599p,Manufacture of other fabricated metal products n.e.c.,,
C,,,2811p,"Manufacture of engines and turbines, except aircraft, vehicle and cycle engines",,
C,,,2812p,Manufacture of fluid power equipment,,
C,,,2813p,"Manufacture of other pumps, compressors, taps and valves",,
C,,,3290p,Other manufacturing n.e.c.,,
C,Transport Equipment Manufacturing,,,,,
C,Motor Vehicle and Motor Vehicle Part Manufacturing,,,,,
C,2311,Motor Vehicle Manufacturing,2910p,Manufacture of motor vehicles,,
C,2312,Motor Vehicle Body and Trailer Manufacturing,2920,Manufacture of bodies (coachwork) for motor vehicles; manufacture of trailers and semi-trailers,,
C,2313,Automotive Electrical Component Manufacturing,2733p,Manufacture of wiring devices,,
C,,,2740p,Manufacture of electric lighting equipment,,
C,,,2790p,Manufacture of other electrical equipment,,
C,,,2930p,Manufacture of parts and accessories for motor vehicles,,
C,2319,Other Motor Vehicle Parts Manufacturing,2811p,"Manufacture of engines and turbines, except aircraft, vehicle and cycle engines",,
C,,,2910p,Manufacture of motor vehicles,,
C,,,2930p,Manufacture of parts and accessories for motor vehicles,,
C,Other Transport Equipment Manufacturing,,,,,
C,2391,Shipbuilding and Repair Services,2811p,"Manufacture of engines and turbines, except aircraft, vehicle and cycle engines",,
C,,,3011p,Building of ships and floating structures,,
C,,,3012p,Building of pleasure and sporting boats,,
C,,,3312p,Repair of machinery,,
C,,,3315p,"Repair of transport equipment, except motor vehicles",,
C,,,3830p,Materials recovery,,
C,2392,Boatbuilding and Repair Services,2811p,"Manufacture of engines and turbines, except aircraft, vehicle and cycle engines",,
C,,,3011p,Building of ships and floating structures,,
C,,,3012p,Building of pleasure and sporting boats,,
C,,,3312p,Repair of machinery,,
C,,,3315p,"Repair of transport equipment, except motor vehicles",,
C,2393,Railway Rolling Stock Manufacturing and Repair Services,2811p,"Manufacture of engines and turbines, except aircraft, vehicle and cycle engines",,
C,,,3020p,Manufacture of railway locomotives and rolling stock,,
C,,,3312p,Repair of machinery,,
C,,,3315p,"Repair of transport equipment, except motor vehicles",,
C,2394,Aircraft Manufacturing and Repair Services,2651p,"Manufacture of measuring, testing, navigating and control equipment",,
C,,,2829p,Manufacture of other special-purpose machinery,,
C,,,3030p,Manufacture of air and spacecraft and related machinery,,
C,,,3313p,Repair of electronic and optical equipment,,
C,,,3315p,"Repair of transport equipment, except motor vehicles",,
C,2399,Other Transport Equipment Manufacturing n.e.c.,2811p,"Manufacture of engines and turbines, except aircraft, vehicle and cycle engines",,
C,,,2816p,Manufacture of lifting and handling equipment,,
C,,,3011p,Building of ships and floating structures,,
C,,,3012p,Building of pleasure and sporting boats,,
C,,,3040,Manufacture of military fighting vehicles,,
C,,,3091,Manufacture of motorcycles,,
C,,,3092p,Manufacture of bicycles and invalid carriages,,
C,,,3099p,Manufacture of other transport equipment n.e.c.,,
C,,,3100p,Manufacture of furniture,,
C,,,3240p,Manufacture of games and toys,,
C,,,3312p,Repair of machinery,,
C,,,3315p,"Repair of transport equipment, except motor vehicles",,
C,Machinery and Equipment Manufacturing,,,,,
C,Professional and Scientific Equipment Manufacturing,,,,,
C,2411,"Photographic, Optical and Ophthalmic Equipment Manufacturing",2620p,Manufacture of computers and peripheral equipment,,
C,,,2651p,"Manufacture of measuring, testing, navigating and control equipment",,
C,,,2670p,Manufacture of optical instruments and photographic equipment,,
C,,,3250p,Manufacture of medical and dental instruments and supplies,,
C,2412,Medical and Surgical Equipment Manufacturing,2023p,"Manufacture of soap and detergents, cleaning and polishing preparations, perfumes and toilet preparations",,
C,,,2593p,"Manufacture of cutlery, hand tools and general hardware",,
C,,,2651p,"Manufacture of measuring, testing, navigating and control equipment",,
C,,,2660p,"Manufacture of irradiation, electromedical and electrotherapeutic equipment",,
C,,,2670p,Manufacture of optical instruments and photographic equipment,,
C,,,3250p,Manufacture of medical and dental instruments and supplies,,
C,,,3290p,Other manufacturing n.e.c.,,
C,2419,Other Professional and Scientific Equipment Manufacturing,2651p,"Manufacture of measuring, testing, navigating and control equipment",,
C,,,2652,Manufacture of watches and clocks,,
C,,,2660p,"Manufacture of irradiation, electromedical and electrotherapeutic equipment",,
C,,,2670p,Manufacture of optical instruments and photographic equipment,,
C,,,2731p,Manufacture of fibre optic cables,,
C,,,2790p,Manufacture of other electrical equipment,,
C,,,2819p,Manufacture of other general-purpose machinery,,
C,,,3020p,Manufacture of railway locomotives and rolling stock,,
C,Computer and Electronic Equipment Manufacturing,,,,,
C,2421,Computer and Electronic Office Equipment Manufacturing,2610p,Manufacture of electronic components and boards,,
C,,,2620p,Manufacture of computers and peripheral equipment,,
C,,,2640p,Manufacture of consumer electronics,,
C,,,2817p,Manufacture of office machinery and equipment (except computers and peripheral equipment),,
C,2422,Communication Equipment Manufacturing,2610p,Manufacture of electronic components and boards,,
C,,,2630p,Manufacture of communication equipment,,
C,,,2651p,"Manufacture of measuring, testing, navigating and control equipment",,
C,,,2670p,Manufacture of optical instruments and photographic equipment,,
C,,,2733p,Manufacture of wiring devices,,
C,,,2790p,Manufacture of other electrical equipment,,
C,2429,Other Electronic Equipment Manufacturing,2610p,Manufacture of electronic components and boards,,
C,,,2630p,Manufacture of communication equipment,,
C,,,2640p,Manufacture of consumer electronics,,
C,,,2651p,"Manufacture of measuring, testing, navigating and control equipment",,
C,,,2670p,Manufacture of optical instruments and photographic equipment,,
C,,,2680,Manufacture of magnetic and optical media,,
C,,,2750p,Manufacture of domestic appliances,,
C,,,2790p,Manufacture of other electrical equipment,,
C,Electrical Equipment Manufacturing,,,,,
C,2431,Electric Cable and Wire Manufacturing,2610p,Manufacture of electronic components and boards,,
C,,,2731p,Manufacture of fibre optic cables,,
C,,,2732,Manufacture of other electronic and electric wires and cables,,
C,,,2790p,Manufacture of other electrical equipment,,
C,2432,Electric Lighting Equipment Manufacturing,2740p,Manufacture of electric lighting equipment,,
C,,,2790p,Manufacture of other electrical equipment,,
C,2439,Other Electrical Equipment Manufacturing,2610p,Manufacture of electronic components and boards,,
C,,,2630p,Manufacture of communication equipment,,
C,,,2651p,"Manufacture of measuring, testing, navigating and control equipment",,
C,,,2710,"Manufacture of electric motors, generators, transformers and electricity distribution and control apparatus",,
C,,,2720,Manufacture of batteries and accumulators,,
C,,,2733p,Manufacture of wiring devices,,
C,,,2790p,Manufacture of other electrical equipment,,
C,,,2815p,"Manufacture of ovens, furnaces and furnace burners",,
C,Domestic Appliance Manufacturing,,,,,
C,2441,Whiteware Appliance Manufacturing,2750p,Manufacture of domestic appliances,,
C,2449,Other Domestic Appliance Manufacturing,2651p,"Manufacture of measuring, testing, navigating and control equipment",,
C,,,2750p,Manufacture of domestic appliances,,
C,,,2813p,"Manufacture of other pumps, compressors, taps and valves",,
C,,,2815p,"Manufacture of ovens, furnaces and furnace burners",,
C,,,2819p,Manufacture of other general-purpose machinery,,
C,,,2826p,"Manufacture of machinery for textile, apparel and leather production",,
C,"Pump, Compressor, Heating and Ventilation Equipment Manufacturing",,,,,
C,2451,Pump and Compressor Manufacturing,2812p,Manufacture of fluid power equipment,,
C,,,2813p,"Manufacture of other pumps, compressors, taps and valves",,
C,2452,"Fixed Space Heating, Cooling and Ventilation Equipment Manufacturing",2651p,"Manufacture of measuring, testing, navigating and control equipment",,
C,,,2813p,"Manufacture of other pumps, compressors, taps and valves",,
C,,,2815p,"Manufacture of ovens, furnaces and furnace burners",,
C,,,2819p,Manufacture of other general-purpose machinery,,
C,Specialised Machinery and Equipment Manufacturing,,,,,
C,2461,Agricultural Machinery and Equipment Manufacturing,2821,Manufacture of agricultural and forestry machinery,,
C,,,2825p,"Manufacture of machinery for food, beverage and tobacco processing",,
C,2462,Mining and Construction Machinery Manufacturing,2824,"Manufacture of machinery for mining, quarrying and construction",,
C,2463,Machine Tool and Parts Manufacturing,2593p,"Manufacture of cutlery, hand tools and general hardware",,
C,,,2818,Manufacture of power-driven hand tools,,
C,,,2819p,Manufacture of other general-purpose machinery,,
C,,,2822p,Manufacture of metal-forming machinery and machine tools,,
C,,,2823,Manufacture of machinery for metallurgy,,
C,2469,Other Specialised Machinery and Equipment Manufacturing,2593p,"Manufacture of cutlery, hand tools and general hardware",,
C,,,2660p,"Manufacture of irradiation, electromedical and electrotherapeutic equipment",,
C,,,2790p,Manufacture of other electrical equipment,,
C,,,2819p,Manufacture of other general-purpose machinery,,
C,,,2825p,"Manufacture of machinery for food, beverage and tobacco processing",,
C,,,2826p,"Manufacture of machinery for textile, apparel and leather production",,
C,,,2829p,Manufacture of other special-purpose machinery,,
C,Other Machinery and Equipment Manufacturing,,,,,
C,2491,Lifting and Material Handling Equipment Manufacturing,2816p,Manufacture of lifting and handling equipment,,
C,2499,Other Machinery and Equipment Manufacturing n.e.c.,2513p,"Manufacture of steam generators, except central heating hot water boilers",,
C,,,2811p,"Manufacture of engines and turbines, except aircraft, vehicle and cycle engines",,
C,,,2812p,Manufacture of fluid power equipment,,
C,,,2813p,"Manufacture of other pumps, compressors, taps and valves",,
C,,,2814,"Manufacture of bearings, gears, gearing and driving elements",,
C,,,2815p,"Manufacture of ovens, furnaces and furnace burners",,
C,,,2819p,Manufacture of other general-purpose machinery,,
C,,,2822p,Manufacture of metal-forming machinery and machine tools,,
C,,,2826p,"Manufacture of machinery for textile, apparel and leather production",,
C,,,3250p,Manufacture of medical and dental instruments and supplies,,
C,Furniture and Other Manufacturing,,,,,
C,Furniture Manufacturing,,,,,
C,2511,Wooden Furniture and Upholstered Seat Manufacturing,2930p,Manufacture of parts and accessories for motor vehicles,,
C,,,3011p,Building of ships and floating structures,,
C,,,3020p,Manufacture of railway locomotives and rolling stock,,
C,,,3030p,Manufacture of air and spacecraft and related machinery,,
C,,,3100p,Manufacture of furniture,,
C,2512,Metal Furniture Manufacturing,2930p,Manufacture of parts and accessories for motor vehicles,,
C,,,3011p,Building of ships and floating structures,,
C,,,3020p,Manufacture of railway locomotives and rolling stock,,
C,,,3030p,Manufacture of air and spacecraft and related machinery,,
C,,,3100p,Manufacture of furniture,,
C,2513,Mattress Manufacturing,2219p,Manufacture of other rubber products,,
C,,,3100p,Manufacture of furniture,,
C,2519,Other Furniture Manufacturing,2817p,Manufacture of office machinery and equipment (except computers and peripheral equipment),,
C,,,3100p,Manufacture of furniture,,
C,Other Manufacturing,,,,,
C,2591,Jewellery and Silverware Manufacturing,2599p,Manufacture of other fabricated metal products n.e.c.,,
C,,,3211p,Manufacture of jewellery and related articles,,
C,,,3212,Manufacture of imitation jewellery and related articles,,
C,2592,"Toy, Sporting and Recreational Product Manufacturing",3230p,Manufacture of sports goods,,
C,,,3240p,Manufacture of games and toys,,
C,2599,Other Manufacturing n.e.c.,1629p,"Manufacture of other products of wood; manufacture of articles of cork, straw and plaiting materials",,
C,,,1701p,"Manufacture of pulp, paper and paperboard",,
C,,,2219p,Manufacture of other rubber products,,
C,,,2220p,Manufacture of plastics products,,
C,,,2599p,Manufacture of other fabricated metal products n.e.c.,,
C,,,3220,Manufacture of musical instruments,,
C,,,3240p,Manufacture of games and toys,,
C,,,3290p,Other manufacturing n.e.c.,,
C,,,,,,
D,"Electricity, Gas, Water and Waste Services",,,,,
D,Electricity Supply,,,,,
D,Electricity Generation,,,,,
D,2611,Fossil Fuel Electricity Generation,3510p,"Electric power generation, transmission and distribution",,
D,2612,Hydro-Electricity Generation,3510p,"Electric power generation, transmission and distribution",,
D,2619,Other Electricity Generation,3510p,"Electric power generation, transmission and distribution",,
D,,,3821p,Treatment and disposal of non-hazardous waste,,
D,Electricity Transmission,,,,,
D,2620,Electricity Transmission,3510p,"Electric power generation, transmission and distribution",,
D,Electricity Distribution,,,,,
D,2630,Electricity Distribution,3510p,"Electric power generation, transmission and distribution",,
D,On Selling Electricity and Electricity Market Operation,,,,,
D,2640,On Selling Electricity and Electricity Market Operation,3510p,"Electric power generation, transmission and distribution",,
D,Gas Supply,,,,,
D,Gas Supply,,,,,
D,2700,Gas Supply,3520,Manufacture of gas; distribution of gaseous fuels through mains,,
D,"Water Supply, Sewerage and Drainage Services",,,,,
D,"Water Supply, Sewerage and Drainage Services",,,,,
D,2811,Water Supply ,3530,Steam and air conditioning supply,,
D,,,3600,"Water collection, treatment and supply",,
D,,,4930p,Transport via pipeline,,
D,2812,Sewerage and Drainage Services,3700p,Sewerage,,
D,"Waste Collection, Treatment and Disposal Services",,,,,
D,Waste Collection Services,,,,,
D,2911,Solid Waste Collection Services,3811p,Collection of non-hazardous waste,,
D,,,3812p,Collection of hazardous waste,,
D,2919,Other Waste Collection Services,3700p,Sewerage,,
D,,,3811p,Collection of non-hazardous waste,,
D,,,3812p,Collection of hazardous waste,,
D,"Waste Treatment, Disposal and Remediation Services",,,,,
D,2921,Waste Treatment and Disposal Services,3700p,Sewerage,,
D,,,3811p,Collection of non-hazardous waste,,
D,,,3812p,Collection of hazardous waste,,
D,,,3821p,Treatment and disposal of non-hazardous waste,,
D,,,3822p,Treatment and disposal of hazardous waste,,
D,2922,Waste Remediation and Materials Recovery Services,3811p,Collection of non-hazardous waste,,
D,,,3812p,Collection of hazardous waste,,
D,,,3821p,Treatment and disposal of non-hazardous waste,,
D,,,3822p,Treatment and disposal of hazardous waste,,
D,,,3830p,Materials recovery,,
D,,,3900,Remediation activities and other waste management services,,
D,,,,,,
E,Construction,,,,,
E,Building Construction,,,,,
E,Residential Building Construction,,,,,
E,3011,House Construction,4100p,Construction of buildings,,
E,3019,Other Residential Building Construction,4100p,Construction of buildings,,
E,Non-Residential Building Construction,,,,,
E,3020,Non-Residential Building Construction,4100p,Construction of buildings,,
E,Heavy and Civil Engineering Construction,,,,,
E,Heavy and Civil Engineering Construction,,,,,
E,3101,Road and Bridge Construction,4210p,Construction of roads and railways,,
E,,,4290p,Construction of other civil engineering projects,,
E,3109,Other Heavy and Civil Engineering Construction,3320p,Installation of industrial machinery and equipment,,
E,,,4210p,Construction of roads and railways,,
E,,,4220,Construction of utility projects,,
E,,,4290p,Construction of other civil engineering projects,,
E,,,4390p,Other specialized construction activities,,
E,Construction Services,,,,,
E,Land Development and Site Preparation Services,,,,,
E,3211,Land Development and Subdivision,4290p,Construction of other civil engineering projects,,
E,,,6810p,Real estate activities with own or leased property,,
E,3212,Site Preparation Services,4311,Demolition,,
E,,,4312p,Site preparation,,
E,Building Structure Services,,,,,
E,3221,Concreting Services,4390p,Other specialized construction activities,,
E,3222,Bricklaying Services,4390p,Other specialized construction activities,,
E,3223,Roofing Services,4390p,Other specialized construction activities,,
E,3224,Structural Steel Erection Services,4390p,Other specialized construction activities,,
E,Building Installation Services,,,,,
E,3231,Plumbing Services,4322p,"Plumbing, heat and air-conditioning installation",,
E,3232,Electrical Services,3320p,Installation of industrial machinery and equipment,,
E,,,4321p,Electrical installation,,
E,,,4329p,Other construction installation,,
E,3233,Air Conditioning and Heating Services,4322p,"Plumbing, heat and air-conditioning installation",,
E,3234,Fire and Security Alarm Installation Services,4321p,Electrical installation,,
E,,,4322p,"Plumbing, heat and air-conditioning installation",,
E,3239,Other Building Installation Services,3320p,Installation of industrial machinery and equipment,,
E,,,4329p,Other construction installation,,
E,,,4330p,Building completion and finishing,,
E,,,4390p,Other specialized construction activities,,
E,Building Completion Services,,,,,
E,3241,Plastering and Ceiling Services,4330p,Building completion and finishing,,
E,3242,Carpentry Services,4330p,Building completion and finishing,,
E,3243,Tiling and Carpeting Services,4330p,Building completion and finishing,,
E,3244,Painting and Decorating Services,4330p,Building completion and finishing,,
E,3245,Glazing Services,4330p,Building completion and finishing,,
E,Other Construction Services,,,,,
E,3291,Landscape Construction Services,4322p,"Plumbing, heat and air-conditioning installation",,
E,,,4330p,Building completion and finishing,,
E,,,4390p,Other specialized construction activities,,
E,,,8130p,Landscape care and maintenance service activities,,
E,3292,Hire of Construction Machinery with Operator,4312p,Site preparation,,
E,,,4390p,Other specialized construction activities,,
E,3299,Other Construction Services n.e.c.,3320p,Installation of industrial machinery and equipment,,
E,,,4210p,Construction of roads and railways,,
E,,,4329p,Other construction installation,,
E,,,4330p,Building completion and finishing,,
E,,,4390p,Other specialized construction activities,,
E,,,,,,
F,Wholesale Trade,,,,,
F,Basic Material Wholesaling,,,,,
F,Agricultural Product Wholesaling,,,,,
F,3311,Wool Wholesaling,4620p,Wholesale of agricultural raw materials and live animals,,
F,3312,Cereal Grain Wholesaling,4620p,Wholesale of agricultural raw materials and live animals,,
F,3319,Other Agricultural Product Wholesaling,4620p,Wholesale of agricultural raw materials and live animals,,
F,,,4630p,"Wholesale of food, beverages and tobacco",,
F,"Mineral, Metal and Chemical Wholesaling",,,,,
F,3321,Petroleum Product Wholesaling,4661p,"Wholesale of solid, liquid and gaseous fuels and related products",,
F,3322,Metal and Mineral Wholesaling,4661p,"Wholesale of solid, liquid and gaseous fuels and related products",,
F,,,4662p,Wholesale of metals and metal ores,,
F,,,4669p,Wholesale of waste and scrap and other products n.e.c.,,
F,3323,Industrial and Agricultural Chemical Product Wholesaling,4669p,Wholesale of waste and scrap and other products n.e.c.,,
F,Timber and Hardware Goods Wholesaling,,,,,
F,3331,Timber Wholesaling,4663p,"Wholesale of construction materials, hardware, plumbing and heating equipment and supplies",,
F,,,4669p,Wholesale of waste and scrap and other products n.e.c.,,
F,3332,Plumbing Goods Wholesaling,4663p,"Wholesale of construction materials, hardware, plumbing and heating equipment and supplies",,
F,3339,Other Hardware Goods Wholesaling,4661p,"Wholesale of solid, liquid and gaseous fuels and related products",,
F,,,4662p,Wholesale of metals and metal ores,,
F,,,4663p,"Wholesale of construction materials, hardware, plumbing and heating equipment and supplies",,
F,,,4669p,Wholesale of waste and scrap and other products n.e.c.,,
F,Machinery and Equipment Wholesaling,,,,,
F,Specialised Industrial Machinery and Equipment Wholesaling,,,,,
F,3411,Agricultural and Construction Machinery Wholesaling,4653,"Wholesale of agricultural machinery, equipment and supplies",,
F,,,4659p,Wholesale of other machinery and equipment,,
F,3419,Other Specialised Industrial Machinery and Equipment Wholesaling,4659p,Wholesale of other machinery and equipment,,
F,Other Machinery and Equipment Wholesaling,,,,,
F,3491,Professional and Scientific Goods Wholesaling,4659p,Wholesale of other machinery and equipment,,
F,3492,Computer and Computer Peripheral Wholesaling,4649p,Wholesale of other household goods,,
F,,,4651,"Wholesale of computers, computer peripheral equipment and software",,
F,,,4652p,Wholesale of electronic and telecommunications equipment and parts,,
F,3493,Telecommunication Goods Wholesaling,4652p,Wholesale of electronic and telecommunications equipment and parts,,
F,3494,Other Electrical and Electronic Goods Wholesaling,4649p,Wholesale of other household goods,,
F,,,4652p,Wholesale of electronic and telecommunications equipment and parts,,
F,,,4659p,Wholesale of other machinery and equipment,,
F,3499,Other Machinery and Equipment Wholesaling n.e.c.,4649p,Wholesale of other household goods,,
F,,,4659p,Wholesale of other machinery and equipment,,
F,Motor Vehicle and Motor Vehicle Parts Wholesaling,,,,,
F,Motor Vehicle and Motor Vehicle Parts Wholesaling,,,,,
F,3501,Car Wholesaling,4510p,Sale of motor vehicles,,
F,3502,Commercial Vehicle Wholesaling,4510p,Sale of motor vehicles,,
F,3503,Trailer and Other Motor Vehicle Wholesaling,4510p,Sale of motor vehicles,,
F,,,4540p,"Sale, maintenance and repair of motorcycles and related parts and accessories",,
F,3504,Motor Vehicle New Parts Wholesaling,4530p,Sale of motor vehicle parts and accessories,,
F,,,4540p,"Sale, maintenance and repair of motorcycles and related parts and accessories",,
F,3505,Motor Vehicle Dismantling and Used Parts Wholesaling,4530p,Sale of motor vehicle parts and accessories,,
F,,,4540p,"Sale, maintenance and repair of motorcycles and related parts and accessories",,
F,,,4669p,Wholesale of waste and scrap and other products n.e.c.,,
F,"Grocery, Liquor and Tobacco Product Wholesaling",,,,,
F,"Grocery, Liquor and Tobacco Product Wholesaling",,,,,
F,3601,General Line Grocery Wholesaling,4630p,"Wholesale of food, beverages and tobacco",,
F,3602,"Meat, Poultry and Smallgoods Wholesaling",4630p,"Wholesale of food, beverages and tobacco",,
F,3603,Dairy Produce Wholesaling,4630p,"Wholesale of food, beverages and tobacco",,
F,3604,Fish and Seafood Wholesaling,4630p,"Wholesale of food, beverages and tobacco",,
F,3605,Fruit and Vegetable Wholesaling,4630p,"Wholesale of food, beverages and tobacco",,
F,3606,Liquor and Tobacco Product Wholesaling,4620p,Wholesale of agricultural raw materials and live animals,,
F,,,4630p,"Wholesale of food, beverages and tobacco",,
F,3609,Other Grocery Wholesaling,4630p,"Wholesale of food, beverages and tobacco",,
F,Other Goods Wholesaling,,,,,
F,"Textile, Clothing and Footwear Wholesaling",,,,,
F,3711,Textile Product Wholesaling,4641p,"Wholesale of textiles, clothing and footwear",,
F,,,4669p,Wholesale of waste and scrap and other products n.e.c.,,
F,3712,Clothing and Footwear Wholesaling,4641p,"Wholesale of textiles, clothing and footwear",,
F,Pharmaceutical and Toiletry Goods Wholesaling,,,,,
F,3720,Pharmaceutical and Toiletry Goods Wholesaling,4649p,Wholesale of other household goods,,
F,"Furniture, Floor Covering and Other Goods Wholesaling",,,,,
F,3731,Furniture and Floor Covering Wholesaling,4649p,Wholesale of other household goods,,
F,,,4659p,Wholesale of other machinery and equipment,,
F,,,4663p,"Wholesale of construction materials, hardware, plumbing and heating equipment and supplies",,
F,3732,Jewellery and Watch Wholesaling,4649p,Wholesale of other household goods,,
F,,,4669p,Wholesale of waste and scrap and other products n.e.c.,,
F,3733,Kitchen and Diningware Wholesaling,4649p,Wholesale of other household goods,,
F,3734,Toy and Sporting Goods Wholesaling,4649p,Wholesale of other household goods,,
F,3735,Book and Magazine Wholesaling,4649p,Wholesale of other household goods,,
F,3736,Paper Product Wholesaling,4649p,Wholesale of other household goods,,
F,,,4669p,Wholesale of waste and scrap and other products n.e.c.,,
F,3739,Other Goods Wholesaling n.e.c.,4620p,Wholesale of agricultural raw materials and live animals,,
F,,,4630p,"Wholesale of food, beverages and tobacco",,
F,,,4641p,"Wholesale of textiles, clothing and footwear",,
F,,,4649p,Wholesale of other household goods,,
F,,,4659p,Wholesale of other machinery and equipment,,
F,,,4661p,"Wholesale of solid, liquid and gaseous fuels and related products",,
F,,,4663p,"Wholesale of construction materials, hardware, plumbing and heating equipment and supplies",,
F,,,4669p,Wholesale of waste and scrap and other products n.e.c.,,
F,,,4690,Non-specialized wholesale trade,,
F,Commission-Based Wholesaling,,,,,
F,Commission-Based Wholesaling,,,,,
F,3800,Commission-Based Wholesaling,4510p,Sale of motor vehicles,,
F,,,4610,Wholesale on a fee or contract basis,,
F,,,4774p,Retail sale of second-hand goods,,
F,,,8299p,Other business support service activities n.e.c.,,
F,,,,,,
G,Retail Trade,,,,,
G,Motor Vehicle and Motor Vehicle Parts Retailing,,,,,
G,Motor Vehicle Retailing,,,,,
G,3911,Car Retailing,4510p,Sale of motor vehicles,,
G,3912,Motor Cycle Retailing,4540p,"Sale, maintenance and repair of motorcycles and related parts and accessories",,
G,3913,Trailer and Other Motor Vehicle Retailing,4510p,Sale of motor vehicles,,
G,Motor Vehicle Parts and Tyre Retailing,,,,,
G,3921,Motor Vehicle Parts Retailing,4530p,Sale of motor vehicle parts and accessories,,
G,,,4540p,"Sale, maintenance and repair of motorcycles and related parts and accessories",,
G,3922,Tyre Retailing,4530p,Sale of motor vehicle parts and accessories,,
G,,,4540p,"Sale, maintenance and repair of motorcycles and related parts and accessories",,
G,Fuel Retailing,,,,,
G,Fuel Retailing,,,,,
G,4000,Fuel Retailing,4730p,Retail sale of automotive fuel in specialized stores,,
G,,,4773p,Other retail sale of new goods in specialized stores,,
G,Food Retailing,,,,,
G,Supermarket and Grocery Stores,,,,,
G,4110,Supermarket and Grocery Stores,4711p,"Retail sale in non-specialized stores with food, beverages or tobacco predominating",,
G,Specialised Food Retailing,,,,,
G,4121,"Fresh Meat, Fish and Poultry Retailing",4721p,Retail sale of food in specialized stores,,
G,,,4781p,"Retail sale via stalls and markets of food, beverages and tobacco products",,
G,4122,Fruit and Vegetable Retailing,4721p,Retail sale of food in specialized stores,,
G,,,4781p,"Retail sale via stalls and markets of food, beverages and tobacco products",,
G,4123,Liquor Retailing,4722p,Retail sale of beverages in specialized stores,,
G,,,4781p,"Retail sale via stalls and markets of food, beverages and tobacco products",,
G,4129,Other Specialised Food Retailing,4721p,Retail sale of food in specialized stores,,
G,,,4722p,Retail sale of beverages in specialized stores,,
G,,,4781p,"Retail sale via stalls and markets of food, beverages and tobacco products",,
G,Other Store-Based Retailing,,,,,
G,"Furniture, Floor Coverings, Houseware and Textile Goods Retailing",,,,,
G,4211,Furniture Retailing,4759p,"Retail sale of electrical household appliances, furniture, lighting equipment and other household articles in specialized stores",,
G,4212,Floor Coverings Retailing,4752p,"Retail sale of hardware, paints and glass in specialized stores",,
G,,,4753p,"Retail sale of carpets, rugs, wall and floor coverings in specialized stores",,
G,,,4773p,Other retail sale of new goods in specialized stores,,
G,,,4789p,Retail sale via stalls and markets of other goods,,
G,4213,Houseware Retailing,4759p,"Retail sale of electrical household appliances, furniture, lighting equipment and other household articles in specialized stores",,
G,,,4773p,Other retail sale of new goods in specialized stores,,
G,,,4789p,Retail sale via stalls and markets of other goods,,
G,4214,Manchester and Other Textile Goods Retailing,4751p,Retail sale of textiles in specialized stores,,
G,,,4753p,"Retail sale of carpets, rugs, wall and floor coverings in specialized stores",,
G,,,4759p,"Retail sale of electrical household appliances, furniture, lighting equipment and other household articles in specialized stores",,
G,,,4773p,Other retail sale of new goods in specialized stores,,
G,,,4782p,"Retail sale via stalls and markets of textiles, clothing and footwear",,
G,,,4789p,Retail sale via stalls and markets of other goods,,
G,Electrical and Electronic Goods Retailing,,,,,
G,4221,"Electrical, Electronic and Gas Appliance Retailing",4741p,"Retail sale of computers, peripheral units, software and telecommunications equipment in specialized stores",,
G,,,4742p,Retail sale of audio and video equipment in specialized stores,,
G,,,4759p,"Retail sale of electrical household appliances, furniture, lighting equipment",,
G,,,4773p,Other retail sale of new goods in specialized stores,,
G,,,4789p,Retail sale via stalls and markets of other goods,,
G,4222,Computer and Computer Peripheral Retailing,4741p,"Retail sale of computers, peripheral units, software and telecommunications equipment in specialized stores",,
G,,,4789p,Retail sale via stalls and markets of other goods,,
G,4229,Other Electrical and Electronic Goods Retailing,4759p,"Retail sale of electrical household appliances, furniture, lighting equipment and other household articles in specialized stores",,
G,,,4773p,Other retail sale of new goods in specialized stores,,
G,,,4789p,Retail sale via stalls and markets of other goods,,
G,"Hardware, Building and Garden Supplies Retailing",,,,,
G,4231,Hardware and Building Supplies Retailing,4752p,"Retail sale of hardware, paints and glass in specialized stores",,
G,,,4753p,"Retail sale of carpets, rugs, wall and floor coverings in specialized stores",,
G,,,4759p,"Retail sale of electrical household appliances, furniture, lighting equipment and other household articles in specialized stores",,
G,,,4773p,Other retail sale of new goods in specialized stores,,
G,,,4789p,Retail sale via stalls and markets of other goods,,
G,4232,Garden Supplies Retailing,4752p,"Retail sale of hardware, paints and glass in specialized stores",,
G,,,4759p,"Retail sale of electrical household appliances, furniture, lighting equipment and other household articles in specialized stores",,
G,,,4773p,Other retail sale of new goods in specialized stores,,
G,,,4789p,Retail sale via stalls and markets of other goods,,
G,Recreational Goods Retailing,,,,,
G,4241,Sport and Camping Equipment Retailing,4763p,Retail sale of sporting equipment in specialized stores,,
G,,,4771p,"Retail sale of clothing, footwear and leather articles in specialized stores",,
G,,,4773p,Other retail sale of new goods in specialized stores,,
G,,,4782p,"Retail sale via stalls and markets of textiles, clothing and footwear",,
G,,,4789p,Retail sale via stalls and markets of other goods,,
G,4242,Entertainment Media Retailing,4741p,"Retail sale of computers, peripheral units, software and telecommunications equipment in specialized stores",,
G,,,4759p,"Retail sale of electrical household appliances, furniture, lighting equipment and other household articles in specialized stores",,
G,,,4762p,Retail sale of music and video recordings in specialized stores,,
G,,,4773p,Other retail sale of new goods in specialized stores,,
G,,,4789p,Retail sale via stalls and markets of other goods,,
G,4243,Toy and Game Retailing,4764p,Retail sale of games and toys in specialized stores,,
G,,,4773p,Other retail sale of new goods in specialized stores,,
G,,,4789p,Retail sale via stalls and markets of other goods,,
G,4244,Newspaper and Book Retailing,4761p,"Retail sale of books, newspapers and stationary in specialized stores",,
G,,,4789p,Retail sale via stalls and markets of other goods,,
G,4245,Marine Equipment Retailing,4510p,Sale of motor vehicles,,
G,,,4741p,"Retail sale of computers, peripheral units, software and telecommunications equipment in specialized stores",,
G,,,4763p,Retail sale of sporting equipment in specialized stores,,
G,,,4773p,Other retail sale of new goods in specialized stores,,
G,,,4789p,Retail sale via stalls and markets of other goods,,
G,"Clothing, Footwear and Personal Accessory Retailing",,,,,
G,4251,Clothing Retailing,4771p,"Retail sale of clothing, footwear and leather articles in specialized stores",,
G,,,4782p,"Retail sale via stalls and markets of textiles, clothing and footwear",,
G,4252,Footwear Retailing,4771p,"Retail sale of clothing, footwear and leather articles in specialized stores",,
G,,,4782p,"Retail sale via stalls and markets of textiles, clothing and footwear",,
G,4253,Watch and Jewellery Retailing,4773p,Other retail sale of new goods in specialized stores,,
G,,,4789p,Retail sale via stalls and markets of other goods,,
G,4259,Other Personal Accessory Retailing,4771p,"Retail sale of clothing, footwear and leather articles in specialized stores",,
G,,,4773p,Other retail sale of new goods in specialized stores,,
G,,,4782p,"Retail sale via stalls and markets of textiles, clothing and footwear",,
G,,,4789p,Retail sale via stalls and markets of other goods,,
G,Department Stores,,,,,
G,4260,Department Stores,4719p,Other retail sale in non-specialized stores,,
G,Pharmaceutical and Other Store-Based Retailing,,,,,
G,4271,"Pharmaceutical, Cosmetic and Toiletry Goods Retailing",4772p,"Retail sale of pharmaceutical and medical goods, cosmetic and toilet articles in specialized stores",,
G,,,4789p,Retail sale via stalls and markets of other goods,,
G,4272,Stationery Goods Retailing,4761p,"Retail sale of books, newspapers and stationary in specialized stores",,
G,,,4773p,Other retail sale of new goods in specialized stores,,
G,,,4789p,Retail sale via stalls and markets of other goods,,
G,4273,Antique and Used Goods Retailing,4774p,Retail sale of second-hand goods,,
G,,,4782p,"Retail sale via stalls and markets of textiles, clothing and footwear",,
G,,,4789p,Retail sale via stalls and markets of other goods,,
G,,,6492p,Other credit granting,,
G,4274,Flower Retailing,4773p,Other retail sale of new goods in specialized stores,,
G,,,4789p,Retail sale via stalls and markets of other goods,,
G,4279,Other Store-Based Retailing n.e.c.,4711p,"Retail sale in non-specialized stores with food, beverages or tobacco predominating",,
G,,,4719p,Other retail sale in non-specialized stores,,
G,,,4721p,Retail sale of food in specialized stores,,
G,,,4722p,Retail sale of beverages in specialized stores,,
G,,,4723p,Retail sale of tobacco products in specialized stores,,
G,,,4741p,"Retail sale of computers, peripheral units, software and telecommunications equipment in specialized stores",,
G,,,4742p,Retail sale of audio and video equipment in specialized stores,,
G,,,4751p,Retail sale of textiles in specialized stores,,
G,,,4752p,"Retail sale of hardware, paints and glass in specialized stores",,
G,,,4753p,"Retail sale of carpets, rugs, wall and floor coverings in specialized stores",,
G,,,4759p,"Retail sale of electrical household appliances, furniture, lighting equipment",,
G,,,4761p,"Retail sale of books, newspapers and stationary in specialized stores",,
G,,,4762p,Retail sale of music and video recordings in specialized stores,,
G,,,4763p,Retail sale of sporting equipment in specialized stores,,
G,,,4764p,Retail sale of games and toys in specialized stores,,
G,,,4771p,"Retail sale of clothing, footwear and leather articles in specialized stores",,
G,,,4773p,Other retail sale of new goods in specialized stores,,
G,,,4781p,"Retail sale via stalls and markets of food, beverages and tobacco products",,
G,,,4782p,"Retail sale via stalls and markets of textiles, clothing and footwear",,
G,,,4789p,Retail sale via stalls and markets of other goods,,
G,Non-Store Retailing and Retail Commission Based Buying and/or Selling,,,,,
G,Non-Store Retailing,,,,,
G,4310,Non-Store Retailing,4791p,Retail sale via mail order houses or via Internet,,
G,,,4799p,"Other retail sale not in stores, stalls or markets",,
G,Retail Commission-Based Buying and/or Selling,,,,,
G,4320,Retail Commission-Based Buying and/or Selling,4510p,Sale of motor vehicles,,
G,,,4530p,Sale of motor vehicle parts and accessories,,
G,,,4540p,"Sale, maintenance and repair of motorcycles and related parts and accessories",,
G,,,4721p,Retail sale of food in specialized stores,,
G,,,4722p,Retail sale of beverages in specialized stores,,
G,,,4723p,Retail sale of tobacco products in specialized stores,,
G,,,4730p,Retail sale of automotive fuel in specialized stores,,
G,,,4741p,"Retail sale of computers, peripheral units, software and telecommunications equipment in specialized stores",,
G,,,4742p,Retail sale of audio and video equipment in specialized stores,,
G,,,4751p,Retail sale of textiles in specialized stores,,
G,,,4752p,"Retail sale of hardware, paints and glass in specialized stores",,
G,,,4753p,"Retail sale of carpets, rugs, wall and floor coverings in specialized stores",,
G,,,4759p,"Retail sale of electrical household appliances, furniture, lighting equipment and other household articles in specialized stores",,
G,,,4761p,"Retail sale of books, newspapers and stationary in specialized stores",,
G,,,4762p,Retail sale of music and video recordings in specialized stores,,
G,,,4763p,Retail sale of sporting equipment in specialized stores,,
G,,,4764p,Retail sale of games and toys in specialized stores,,
G,,,4771p,"Retail sale of clothing, footwear and leather articles in specialized stores",,
G,,,4772p,"Retail sale of pharmaceutical and medical goods, cosmetic and toilet articles in specialized stores",,
G,,,4773p,Other retail sale of new goods in specialized stores,,
G,,,4774p,Retail sale of second-hand goods,,
G,,,4781p,"Retail sale via stalls and markets of food, beverages and tobacco products",,
G,,,4782p,"Retail sale via stalls and markets of textiles, clothing and footwear",,
G,,,4789p,Retail sale via stalls and markets of other goods,,
G,,,4791p,Retail sale via mail order houses or via Internet,,
G,,,4799p,"Other retail sale not in stores, stalls or markets",,
G,,,,,,
H,Accommodation and Food Services,,,,,
H,Accommodation,,,,,
H,Accommodation,,,,,
H,4400,Accommodation,5510,Short term accommodation activities,,
H,,,5520,"Camping grounds, recreational vehicle parks and trailer parks",,
H,,,5590,Other accommodation,,
H,Food and Beverage Services,,,,,
H,"Cafes, Restaurants and Takeaway Food Services",,,,,
H,4511,Cafes and Restaurants,5610p,Restaurants and mobile food service activities,,
H,,,5629p,Other food service activities,,
H,,,5630p,Beverage serving activities,,
H,4512,Takeaway Food Services,5610p,Restaurants and mobile food service activities,,
H,,,5629p,Other food service activities,,
H,,,5630p,Beverage serving activities,,
H,4513,Catering Services,5610p,Restaurants and mobile food service activities,,
H,,,5621,Event catering,,
H,,,5629p,Other food service activities,,
H,"Pubs, Taverns and Bars",,,,,
H,4520,"Pubs, Taverns and Bars",5630p,Beverage serving activities,,
H,Clubs (Hospitality),,,,,
H,4530,Clubs (Hospitality),5610p,Restaurants and mobile food service activities,,
H,,,5630p,Beverage serving activities,,
H,,,,,,
I,"Transport, Postal and Warehousing",,,,,
I,Road Transport,,,,,
I,Road Freight Transport,,,,,
I,4610,Road Freight Transport,4923p,Freight transport by road,,
I,,,5221p,Service activities incidental to land transportation,,
I,Road Passenger Transport,,,,,
I,4621,Interurban and Rural Bus Transport,4922p,Other passenger land transport,,
I,4622,Urban Bus Transport (Including Tramway),4921p,Urban and suburban passenger land transport,,
I,,,4922p,Other passenger land transport,,
I,4623,Taxi and Other Road Transport,4922p,Other passenger land transport,,
I,Rail Transport,,,,,
I,Rail Freight Transport,,,,,
I,4710,Rail Freight Transport,4912p,Freight rail transport,,
I,Rail Passenger Transport,,,,,
I,4720,Rail Passenger Transport,4911p,"Passenger rail transport, interurban",,
I,,,4921p,Urban and suburban passenger land transport,,
I,Water Transport,,,,,
I,Water Freight Transport,,,,,
I,4810,Water Freight Transport,5012p,Sea and coastal freight water transport,,
I,,,5022p,Inland freight water transport,,
I,Water Passenger Transport,,,,,
I,4820,Water Passenger Transport,5011p,Sea and coastal passenger water transport,,
I,,,5021p,Inland passenger water transport,,
I,Air and Space Transport,,,,,
I,Air and Space Transport,,,,,
I,4900,Air and Space Transport,5110p,Passenger air transport,,
I,,,5120p,Freight air transport,,
I,Other Transport,,,,,
I,Scenic and Sightseeing Transport,,,,,
I,5010,Scenic and Sightseeing Transport,4921p,Urban and suburban passenger land transport,,
I,,,4922p,Other passenger land transport,,
I,,,5011p,Sea and coastal passenger water transport,,
I,,,5021p,Inland passenger water transport,,
I,,,5110p,Passenger air transport,,
I,Pipeline and Other Transport,,,,,
I,5021,Pipeline Transport,4930p,Transport via pipeline,,
I,5029,Other Transport n.e.c.,4921p,Urban and suburban passenger land transport,,
I,,,4922p,Other passenger land transport,,
I,Postal and Courier Pick-up and Delivery Services,,,,,
I,Postal and Courier Pick-up and Delivery Services,,,,,
I,5101,Postal Services,5310,Postal activities,,
I,,,8219p,"Photocopying, document preparation and other specialized office support activities",,
I,5102,Courier Pick-up and Delivery Services,5320,Courier activities,,
I,Transport Support Services,,,,,
I,Water Transport Support Services,,,,,
I,5211,Stevedoring Services,5224p,Cargo handling,,
I,5212,Port and Water Transport Terminal Operations,5222p,Service activities incidental to water transportation,,
I,5219,Other Water Transport Support Services,5222p,Service activities incidental to water transportation,,
I,,,5224p,Cargo handling,,
I,Airport Operations and Other Air Transport Support Services,,,,,
I,5220,Airport Operations and Other Air Transport Support Services,5223p,Service activities incidental to air transportation,,
I,,,5224p,Cargo handling,,
I,Other Transport Support Services,,,,,
I,5291,Customs Agency Services,5229p,Other transportation support activities,,
I,5292,Freight Forwarding Services,5229p,Other transportation support activities,,
I,,,7490p,"Other professional, scientific and technical activities n.e.c.",,
I,5299,Other Transport Support Services n.e.c.,4911p,"Passenger rail transport, interurban",,
I,,,4912p,Freight rail transport,,
I,,,4921p,Urban and suburban passenger land transport,,
I,,,4922p,Other passenger land transport,,
I,,,4923p,Freight transport by road,,
I,,,5011p,Sea and coastal passenger water transport,,
I,,,5012p,Sea and coastal freight water transport,,
I,,,5021p,Inland passenger water transport,,
I,,,5022p,Inland freight water transport,,
I,,,5110p,Passenger air transport,,
I,,,5120p,Freight air transport,,
I,,,5221p,Service activities incidental to land transportation,,
I,,,5223p,Service activities incidental to air transportation,,
I,,,5229p,Other transportation support activities,,
I,Warehousing and Storage Services,,,,,
I,Warehousing and Storage Services,,,,,
I,5301,Grain Storage Services,5210p,Warehousing and storage,,
I,5309,Other Warehousing and Storage Services,5210p,Warehousing and storage,,
I,,,,,,
J,Information Media and Telecommunications,,,,,
J,Publishing (except Internet and Music Publishing),,,,,
J,"Newspaper, Periodical, Book and Directory Publishing",,,,,
J,5411,Newspaper Publishing,5813p,"Publishing of newspapers, journals and periodicals",,
J,5412,Magazine and Other Periodical Publishing,5813p,"Publishing of newspapers, journals and periodicals",,
J,,,5819p,Other publishing activities,,
J,5413,Book Publishing,5811p,Book publishing,,
J,5414,Directory and Mailing List Publishing,5812p,Publishing of directories and mailing lists,,
J,5419,"Other Publishing (except Software, Music and Internet)",5819p,Other publishing activities,,
J,Software Publishing,,,,,
J,5420,Software Publishing,5820,Software publishing,,
J,Motion Picture and Sound Recording Activities,,,,,
J,Motion Picture and Video Activities,,,,,
J,5511,Motion Picture and Video Production,5911,"Motion picture, video and television programme production activities",,
J,5512,Motion Picture and Video Distribution,5912p,"Motion picture, video and television programme post-production activities",,
J,,,5913,"Motion picture, video and television programme distribution activities",,
J,5513,Motion Picture Exhibition,5914,Motion picture projection activities,,
J,5514,Post-production Services and Other Motion Picture and Video Activities,5912p,"Motion picture, video and television programme post-production activities",,
J,Sound Recording and Music Publishing,,,,,
J,5521,Music Publishing,5920p,Sound recording and music publishing activities,,
J,5522,Music and Other Sound Recording Activities,5920p,Sound recording and music publishing activities,,
J,Broadcasting (except Internet),,,,,
J,Radio Broadcasting,,,,,
J,5610,Radio Broadcasting,6010p,Radio broadcasting,,
J,Television Broadcasting,,,,,
J,5621,Free-to-Air Television Broadcasting,6020p,Television programming and broadcasting activities,,
J,5622,Cable and Other Subscription Broadcasting,6020p,Television programming and broadcasting activities,,
J,Internet Publishing and Broadcasting,,,,,
J,Internet Publishing and Broadcasting,,,,,
J,5700,Internet Publishing and Broadcasting,5811p,Book publishing,,
J,,,5812p,Publishing of directories and mailing lists,,
J,,,5813p,"Publishing of newspapers, journals and periodicals",,
J,,,5819p,Other publishing activities,,
J,,,6010p,Radio broadcasting,,
J,,,6020p,Television programming and broadcasting activities,,
J,Telecommunications Services,,,,,
J,Telecommunications Services,,,,,
J,5801,Wired Telecommunications Network Operation,6110p,Wired telecommunications activities,,
J,5802,Other Telecommunications Network Operation,6120p,Wireless telecommunications activities,,
J,,,6130p,Satellite telecommunications activities,,
J,5809,Other Telecommunications Services,6190p,Other telecommunications activities,,
J,"Internet Service Providers, Web Search Portals and Data Processing Services",,,,,
J,Internet Service Providers and Web Search Portals,,,,,
J,5910,Internet Service Providers and Web Search Portals,6110p,Wired telecommunications activities,,
J,,,6120p,Wireless telecommunications activities,,
J,,,6130p,Satellite telecommunications activities,,
J,,,6190p,Other telecommunications activities,,
J,,,6312,Web portals,,
J,"Data Processing, Web Hosting and Electronic Information Storage Services ",,,,,
J,5921,Data Processing and Web Hosting Services,6202p,Computer consultancy and computer facilities management activities,,
J,,,6311p,"Data processing, hosting and related activities",,
J,,,7420p,Photographic activities,,
J,5922,Electronic Information Storage Services,6202p,Computer consultancy and computer facilities management activities,,
J,,,6311p,"Data processing, hosting and related activities",,
J,Library and Other Information Services,,,,,
J,Libraries and Archives,,,,,
J,6010,Libraries and Archives,9101,Library and archives activities,,
J,Other Information Services,,,,,
J,6020,Other Information Services,6391,News agency activities,,
J,,,6399p,Other information service activities n.e.c.,,
J,,,,,,
K,Financial and Insurance Services,,,,,
K,Finance,,,,,
K,Central Banking,,,,,
K,6210,Central Banking,6411,Central banking,,
K,Depository Financial Intermediation,,,,,
K,6221,Banking,6419p,Other monetary intermediation,,
K,6222,Building Society Operation,6419p,Other monetary intermediation,,
K,6223,Credit Union Operation,6419p,Other monetary intermediation,,
K,6229,Other Depository Financial Intermediation,6419p,Other monetary intermediation,,
K,Non-Depository Financing,,,,,
K,6230,Non-Depository Financing,6491,Financial leasing,,
K,,,6492p,Other credit granting,,
K,,,6499p,"Other financial service activities, except insurance and pension funding activities n.e.c.",,
K,Financial Asset Investing,,,,,
K,6240,Financial Asset Investing,6420,Activities of holding companies,,
K,,,6430,"Trusts, funds and similar financial entities",,
K,,,6499p,"Other financial service activities, except insurance and pension funding activities n.e.c.",,
K,Insurance and Superannuation Funds,,,,,
K,Life Insurance,,,,,
K,6310,Life Insurance,6511,Life insurance,,
K,,,6520p,Reinsurance,,
K,Health and General Insurance,,,,,
K,6321,Health Insurance,6512p,Non-life insurance,,
K,,,6520p,Reinsurance,,
K,6322,General Insurance,6512p,Non-life insurance,,
K,,,6520p,Reinsurance,,
K,Superannuation Funds,,,,,
K,6330,Superannuation Funds,6530,Pension funding,,
K,,,8430p,Compulsory social security activities,,
K,Auxiliary Finance and Insurance Services,,,,,
K,Auxiliary Finance and Investment Services,,,,,
K,6411,Financial Asset Broking Services,6612p,Security and commodity contracts brokerage,,
K,,,7490p,"Other professional, scientific and technical activities n.e.c.",,
K,6419,Other Auxiliary Finance and Investment Services,6611,Administration of financial markets,,
K,,,6612p,Security and commodity contracts brokerage,,
K,,,6619,Other activities auxiliary to financial service activities,,
K,,,6629p,Other activities auxiliary to insurance and pension funding,,
K,,,6630,Fund management activities,,
K,Auxiliary Insurance Services,,,,,
K,6420,Auxiliary Insurance Services,6621,Risk and damage evaluation,,
K,,,6622,Activities of insurance agents and brokers,,
K,,,6629p,Other activities auxiliary to insurance and pension funding,,
K,,,,,,
L,"Rental, Hiring and Real Estate Services",,,,,
L,Rental and Hiring Services (except Real Estate),,,,,
L,Motor Vehicle and Transport Equipment Rental and Hiring,,,,,
L,6611,Passenger Car Rental and Hiring,7710p,Renting and leasing of motor vehicles,,
L,6619,Other Motor Vehicle and Transport Equipment Rental and Hiring,7710p,Renting and leasing of motor vehicles,,
L,,,7721p,Renting and leasing of recreational and sports goods,,
L,,,7730p,"Renting and leasing of other machinery, equipment and tangible goods",,
L,Farm Animal and Bloodstock Leasing,,,,,
L,6620,Farm Animal and Bloodstock Leasing,7730p,"Renting and leasing of other machinery, equipment and tangible goods",,
L,Other Goods and Equipment Rental and Hiring,,,,,
L,6631,Heavy Machinery and Scaffolding Rental and Hiring,7730p,"Renting and leasing of other machinery, equipment and tangible goods",,
L,6632,Video and Other Electronic Media Rental and Hiring,7722,Renting of video tapes and disks,,
L,6639,Other Goods and Equipment Rental and Hiring n.e.c.,7721p,Renting and leasing of recreational and sports goods,,
L,,,7729,Renting and leasing of other personal and household goods,,
L,,,7730p,"Renting and leasing of other machinery, equipment and tangible goods",,
L,Non-Financial Intangible Assets (Except Copyrights) Leasing,,,,,
L,6640,Non-Financial Intangible Assets (Except Copyrights) Leasing,7740,"Leasing of intellectual property and similar products, except copyrighted works",,
L,Property Operators and Real Estate Services,,,,,
L,Property Operators ,,,,,
L,6711,Residential Property Operators ,6810p,Real estate activities with own or leased property,,
L,6712,Non-Residential Property Operators ,6810p,Real estate activities with own or leased property,,
L,Real Estate Services ,,,,,
L,6720,Real Estate Services ,6820,Real estate activities on a fee or contract basis,,
L,,,8110,Combined facilities support activities,,
L,,,,,,
M,"Professional, Scientific and Technical Services",,,,,
M,"Professional, Scientific and Technical Services (Except Computer System Design and Related Services)",,,,,
M,Scientific Research Services,,,,,
M,6910,Scientific Research Services,7210,Research and experimental development on natural sciences and engineering,,
M,,,7220,Research and experimental development on social sciences and humanities,,
M,"Architectural, Engineering and Technical Services",,,,,
M,6921,Architectural Services,7110p,Architectural and engineering activities and related technical consultancy,,
M,6922,Surveying and Mapping Services,7110p,Architectural and engineering activities and related technical consultancy,,
M,6923,Engineering Design and Engineering Consulting Services,7110p,Architectural and engineering activities and related technical consultancy,,
M,,,7410p,Specialized design activities,,
M,,,7490p,"Other professional, scientific and technical activities n.e.c.",,
M,6924,Other Specialised Design Services,7310p,Advertising,,
M,,,7410p,Specialized design activities,,
M,6925,Scientific Testing and Analysis Services,7120p,Technical testing and analysis,,
M,Legal and Accounting Services,,,,,
M,6931,Legal Services,6910,Legal activities,,
M,6932,Accounting Services,6920,"Accounting, bookkeeping and auditing activities; tax consultancy",,
M,Advertising Services,,,,,
M,6940,Advertising Services,7310p,Advertising,,
M,Market Research and Statistical Services,,,,,
M,6950,Market Research and Statistical Services,7320,Market research and public opinion polling,,
M,,,8411p,General public administration activities,,
M,Management and Related Consulting Services,,,,,
M,6961,Corporate Head Office Management Services,7010,Activities of head offices,,
M,6962,Management Advice and Related Consulting Services,0240p,Support services to forestry,,
M,,,6399p,Other information service activities n.e.c.,,
M,,,7020,Management consultancy activities,,
M,,,7490p,"Other professional, scientific and technical activities n.e.c.",,
M,,,7830p,Other human resources provision,,
M,Veterinary Services,,,,,
M,6970,Veterinary Services,7500,Veterinary activities,,
M,"Other Professional, Scientific and Technical Services",,,,,
M,6991,Professional Photographic Services,7420p,Photographic activities,,
M,,,9609p,Other personal service activities n.e.c.,,
M,6999,"Other Professional, Scientific and Technical Services n.e.c.",0510p,Mining of hard coal,,
M,,,0910p,Support activities for petroleum and natural gas extraction,,
M,,,0990p,Support activities for other mining and quarrying,,
M,,,7110p,Architectural and engineering activities and related technical consultancy,,
M,,,7490p,"Other professional, scientific and technical activities n.e.c.",,
M,Computer System Design and Related Services,,,,,
M,Computer System Design and Related Services,,,,,
M,7000,Computer System Design and Related Services,3320p,Installation of industrial machinery and equipment,,
M,,,6201,Computer programming activities,,
M,,,6202p,Computer consultancy and computer facilities management activities,,
M,,,6209,Other information technology and computer service activities,,
M,,,,,,
N,Administrative and Support Services,,,,,
N,Administrative Services,,,,,
N,Employment Services,,,,,
N,7211,Employment Placement and Recruitment Services,7490p,"Other professional, scientific and technical activities n.e.c.",,
N,,,7810,Activities of employment placement agencies,,
N,,,8550p,Educational support activities,,
N,7212,Labour Supply Services,7820,Temporary employment agency activities,,
N,Travel Agency and Tour Arrangement Services,,,,,
N,7220,Travel Agency and Tour Arrangement Services,7911p,Travel agency activities,,
N,,,7912p,Tour operator activities,,
N,,,7990p,Other reservation service and related activities,,
N,Other Administrative Services,,,,,
N,7291,Office Administrative Services,7830p,Other human resources provision,,
N,,,8211,Combined office administrative service activities,,
N,,,8219p,"Photocopying, document preparation and other specialized office support activities",,
N,,,8299p,Other business support service activities n.e.c.,,
N,7292,Document Preparation Services,8219p,"Photocopying, document preparation and other specialized office support activities",,
N,,,8299p,Other business support service activities n.e.c.,,
N,7293,Credit Reporting and Debt Collection Services,8291,Activities of collection agencies and credit bureaus,,
N,,,8299p,Other business support service activities n.e.c.,,
N,7294,Call Centre Operation,8220,Activities of call centres,,
N,7299,Other Administrative Services n.e.c.,7911p,Travel agency activities,,
N,,,7912p,Tour operator activities,,
N,,,7990p,Other reservation service and related activities,,
N,,,8230,Organization of conventions and trade shows,,
N,,,8299p,Other business support service activities n.e.c.,,
N,,,9000p,"Creative, arts and entertainment activities",,
N,,,9319p,Other sports activities,,
N,,,9329p,Other amusement and recreation activities n.e.c.,,
N,"Building Cleaning, Pest Control and Other Support Services",,,,,
N,"Building Cleaning, Pest Control and Gardening Services",,,,,
N,7311,Building and Other Industrial Cleaning Services,4330p,Building completion and finishing,,
N,,,8121,General cleaning of buildings,,
N,,,8129p,Other building and industrial cleaning activities,,
N,7312,Building Pest Control Services,8129p,Other building and industrial cleaning activities,,
N,7313,Gardening Services,8130p,Landscape care and maintenance service activities,,
N,Packaging Services,,,,,
N,7320,Packaging Services,8292,Packaging activities,,
N,,,,,,
O,Public Administration and Safety,,,,,
O,Public Administration,,,,,
O,Central Government Administration,,,,,
O,7510,Central Government Administration,8411p,General public administration activities,,
O,,,8412p,"Regulation of the activities of providing health care, education, cultural services and other social services, excluding social security",,
O,,,8413p,Regulation of and contribution to more efficient operation of businesses,,
O,,,8421p,Foreign affairs,,
O,,,8430p,Compulsory social security activities,,
O,State Government Administration,,,,,
O,7520,State Government Administration,8411p,General public administration activities,,
O,,,8412p,"Regulation of the activities of providing health care, education, cultural services and other social services, excluding social security",,
O,,,8413p,Regulation of and contribution to more efficient operation of businesses,,
O,Local Government Administration,,,,,
O,7530,Local Government Administration,8411p,General public administration activities,,
O,,,8412p,"Regulation of the activities of providing health care, education, cultural services and other social services, excluding social security",,
O,,,8413p,Regulation of and contribution to more efficient operation of businesses,,
O,Justice,,,,,
O,7540,Justice,8423p,Public order and safety activities,,
O,Government Representation,,,,,
O,7551,Domestic Government Representation,8421p,Foreign affairs,,
O,7552,Foreign Government Representation,9900,Activities of extraterritorial organizations and bodies,,
O,Defence,,,,,
O,Defence,,,,,
O,7600,Defence,8421p,Foreign affairs,,
O,,,8422,Defence activities,,
O,,,8423p,Public order and safety activities,,
O,"Public Order, Safety and Regulatory Services",,,,,
O,Public Order and Safety Services,,,,,
O,7711,Police Services,8423p,Public order and safety activities,,
O,7712,Investigation and Security Services,3211p,Manufacture of jewellery and related articles,,
O,,,8010,Private security activities,,
O,,,8020,Security systems service activities,,
O,,,8030,Investigation activities,,
O,,,9529p,Repair of other personal and household goods,,
O,7713,Fire Protection and Other Emergency Services,0240p,Support services to forestry,,
O,,,0910p,Support activities for petroleum and natural gas extraction,,
O,,,5223p,Service activities incidental to air transportation,,
O,,,8423p,Public order and safety activities,,
O,7714,Correctional and Detention Services,8423p,Public order and safety activities,,
O,,,8790p,Other residential care activities,,
O,7719,Other Public Order and Safety Services ,8423p,Public order and safety activities,,
O,Regulatory Services,,,,,
O,7720,Regulatory Services,7120p,Technical testing and analysis,,
O,,,8412p,"Regulation of the activities of providing health care, education, cultural services and other social services, excluding social security",,
O,,,8413p,Regulation of and contribution to more efficient operation of businesses,,
O,,,,,,
P,Education and Training,,,,,
P,Preschool and School Education,,,,,
P,Preschool Education,,,,,
P,8010,Preschool Education,8510p,Pre-primary and primary education,,
P,School Education,,,,,
P,8021,Primary Education,8510p,Pre-primary and primary education,,
P,8022,Secondary Education,8521p,General secondary education,,
P,8023,Combined Primary and Secondary Education,8510p,Pre-primary and primary education,,
P,,,8521p,General secondary education,,
P,8024,Special School Education,8510p,Pre-primary and primary education,,
P,,,8521p,General secondary education,,
P,,,8522p,Technical and vocational secondary education,,
P,Tertiary Education,,,,,
P,Tertiary Education,,,,,
P,8101,Technical and Vocational Education and Training,8522p,Technical and vocational secondary education,,
P,,,8530p,Higher education,,
P,,,8549p,Other education n.e.c.,,
P,8102,Higher Education,8530p,Higher education,,
P,"Adult, Community and Other Education",,,,,
P,"Adult, Community and Other Education",,,,,
P,8211,Sports and Physical Recreation Instruction,8541p,Sports and recreation education,,
P,,,8549p,Other education n.e.c.,,
P,8212,Arts Education,8542p,Cultural education,,
P,,,8549p,Other education n.e.c.,,
P,8219,"Adult, Community and Other Education n.e.c.",8522p,Technical and vocational secondary education,,
P,,,8541p,Sports and recreation education,,
P,,,8542p,Cultural education,,
P,,,8549p,Other education n.e.c.,,
P,Educational Support Services,,,,,
P,8220,Educational Support Services,8550p,Educational support activities,,
P,,,,,,
Q,Health Care and Social Assistance,,,,,
Q,Hospitals,,,,,
Q,Hospitals,,,,,
Q,8401,Hospitals (Except Psychiatric Hospitals),8610p,Hospital activities,,
Q,8402,Psychiatric Hospitals,8610p,Hospital activities,,
Q,Medical and Other Health Care Services ,,,,,
Q,Medical Services,,,,,
Q,8511,General Practice Medical Services,8620p,Medical and dental practice activities,,
Q,8512,Specialist Medical Services,8620p,Medical and dental practice activities,,
Q,Pathology and Diagnostic Imaging Services,,,,,
Q,8520,Pathology and Diagnostic Imaging Services,8690p,Other human health activities,,
Q,Allied Health Services,,,,,
Q,8531,Dental Services,8620p,Medical and dental practice activities,,
Q,8532,Optometry and Optical Dispensing,8690p,Other human health activities,,
Q,8533,Physiotherapy Services,8690p,Other human health activities,,
Q,8534,Chiropractic and Osteopathic Services,8690p,Other human health activities,,
Q,8539,Other Allied Health Services,8690p,Other human health activities,,
Q,Other Health Care Services,,,,,
Q,8591,Ambulance Services,8690p,Other human health activities,,
Q,8599,Other Health Care Services n.e.c.,8690p,Other human health activities,,
Q,Residential Care Services,,,,,
Q,Residential Care Services,,,,,
Q,8601,Aged Care Residential Services,8710p,Residential nursing care facilities,,
Q,,,8730p,Residential care activities for the elderly and disabled,,
Q,8609,Other Residential Care Services,8710p,Residential nursing care facilities,,
Q,,,8720,"Residential care activities for mental retardation, mental health and substance abuse",,
Q,,,8730p,Residential care activities for the elderly and disabled,,
Q,,,8790p,Other residential care activities,,
Q,Social Assistance Services,,,,,
Q,Child Care Services,,,,,
Q,8710,Child Care Services,8890p,Other social work activities without accommodation n.e.c.,,
Q,Other Social Assistance Services,,,,,
Q,8790,Other Social Assistance Services,5610p,Restaurants and mobile food service activities,,
Q,,,8810,Social work activities without accommodation for the elderly and disabled,,
Q,,,8890p,Other social work activities without accommodation n.e.c.,,
Q,,,,,,
R,Arts and Recreation Services,,,,,
R,Heritage Activities,,,,,
R,Museum Operation,,,,,
R,8910,Museum Operation,9000p,"Creative, arts and entertainment activities",,
R,,,9102,Museums activities and operation of historical sites and buildings,,
R,Parks and Gardens Operations,,,,,
R,8921,Zoological and Botanical Gardens Operation,9103p,Botanical and zoological gardens and nature reserves activities,,
R,8922,Nature Reserves and Conservation Parks Operation,9103p,Botanical and zoological gardens and nature reserves activities,,
R,Creative and Performing Arts Activities,,,,,
R,Creative and Performing Arts Activities,,,,,
R,9001,Performing Arts Operation,9000p,"Creative, arts and entertainment activities",,
R,9002,"Creative Artists, Musicians, Writers and Performers",7420p,Photographic activities,,
R,,,9000p,"Creative, arts and entertainment activities",,
R,9003,Performing Arts Venue Operation,9000p,"Creative, arts and entertainment activities",,
R,Sports and Recreation Activities,,,,,
R,Sports and Physical Recreation Activities,,,,,
R,9111,Health and Fitness Centres and Gymnasia Operation,9311p,Operation of sports facilities,,
R,9112,Sports and Physical Recreation Clubs and Sports Professionals,9312p,Activities of sports clubs,,
R,,,9319p,Other sports activities,,
R,9113,"Sports and Physical Recreation Venues, Grounds and Facilities Operation",9311p,Operation of sports facilities,,
R,9114,Sports and Physical Recreation Administrative Service,9319p,Other sports activities,,
R,Horse and Dog Racing Activities,,,,,
R,9121,Horse and Dog Racing Administration and Track Operation,9311p,Operation of sports facilities,,
R,,,9319p,Other sports activities,,
R,9129,Other Horse and Dog Racing Activities,9319p,Other sports activities,,
R,Amusement and Other Recreation Activities,,,,,
R,9131,Amusement Parks and Centres Operation,9321p,Activities of amusement parks and theme parks,,
R,,,9329p,Other amusement and recreation activities n.e.c.,,
R,9139,Amusement and Other Recreational Activities n.e.c.,9311p,Operation of sports facilities,,
R,,,9312p,Activities of sports clubs,,
R,,,9319p,Other sports activities,,
R,,,9321p,Activities of amusement parks and theme parks,,
R,,,9329p,Other amusement and recreation activities n.e.c.,,
R,Gambling Activities,,,,,
R,Gambling Activities,,,,,
R,9201,Casino Operation,9200p,Gambling and betting activities,,
R,9202,Lottery Operation,9200p,Gambling and betting activities,,
R,9209,Other Gambling Activities,9200p,Gambling and betting activities,,
R,,,,,,
S,Other Services,,,,,
S,Repair and Maintenance,,,,,
S,Automotive Repair and Maintenance,,,,,
S,9411,Automotive Electrical Services,4520p,Maintenance and repair of motor vehicles,,
S,,,4540p,"Sale, maintenance and repair of motorcycles and related parts and accessories",,
S,9412,"Automotive Body, Paint and Interior Repair",4520p,Maintenance and repair of motor vehicles,,
S,,,4540p,"Sale, maintenance and repair of motorcycles and related parts and accessories",,
S,9419,Other Automotive Repair and Maintenance,4520p,Maintenance and repair of motor vehicles,,
S,,,4540p,"Sale, maintenance and repair of motorcycles and related parts and accessories",,
S,,,5221p,Service activities incidental to land transportation,,
S,Machinery and Equipment Repair and Maintenance,,,,,
S,9421,Domestic Appliance Repair and Maintenance,9521,Repair of consumer electronics,,
S,,,9522p,Repair of household appliances and home and garden equipment,,
S,9422,Electronic (except Domestic Appliance) and Precision Equipment Repair and Maintenance,3312p,Repair of machinery,,
S,,,3313p,Repair of electronic and optical equipment,,
S,,,3314p,Repair of electrical equipment,,
S,,,9511,Repair of computers and peripheral equipment,,
S,,,9512,Repair of communication equipment,,
S,9429,Other Machinery and Equipment Repair and Maintenance,3311p,Repair of fabricated metal products,,
S,,,3312p,Repair of machinery,,
S,,,3314p,Repair of electrical equipment,,
S,,,3315p,"Repair of transport equipment, except motor vehicles",,
S,,,3319p,Repair of other equipment,,
S,,,4329p,Other construction installation,,
S,,,4520p,Maintenance and repair of motor vehicles,,
S,Other Repair and Maintenance,,,,,
S,9491,Clothing and Footwear Repair,9523p,Repair of footwear and leather goods,,
S,,,9529p,Repair of other personal and household goods,,
S,9499,Other Repair and Maintenance n.e.c.,3311p,Repair of fabricated metal products,,
S,,,3312p,Repair of machinery,,
S,,,3313p,Repair of electronic and optical equipment,,
S,,,3319p,Repair of other equipment,,
S,,,9522p,Repair of household appliances and home and garden equipment,,
S,,,9523p,Repair of footwear and leather goods,,
S,,,9524,Repair of furniture and home furnishings,,
S,,,9529p,Repair of other personal and household goods,,
S,Personal and Other Services,,,,,
S,Personal Care Services,,,,,
S,9511,Hairdressing and Beauty Services,9602,Hairdressing and other beauty treatment,,
S,,,9609p,Other personal service activities n.e.c.,,
S,9512,Diet and Weight Reduction Centre Operation,9609p,Other personal service activities n.e.c.,,
S,"Funeral, Crematorium and Cemetery Services",,,,,
S,9520,"Funeral, Crematorium and Cemetery Services",9603,Funeral and related activities,,
S,Other Personal Services,,,,,
S,9531,Laundry and Dry-Cleaning Services,9601,Washing and (dry-) cleaning of textile and fur products,,
S,9532,Photographic Film Processing,7420p,Photographic activities,,
S,9533,Parking Services,5221p,Service activities incidental to land transportation,,
S,,,9609p,Other personal service activities n.e.c.,,
S,9534,Brothel Keeping and Prostitution Services,9609p,Other personal service activities n.e.c.,,
S,9539,Other Personal Services n.e.c.,9609p,Other personal service activities n.e.c.,,
S,Religious Services,,,,,
S,9540,Religious Services,9491,Activities of religious organizations,,
S,"Civic, Professional and Other Interest Group Services",,,,,
S,9551,Business and Professional Association Services,9411,Activities of business and employers membership organizations,,
S,,,9412,Activities of professional membership organizations,,
S,9552,Labour Association Services,9420,Activities of trade unions,,
S,9559,Other Interest Group Services n.e.c.,9492,Activities of political organizations,,
S,,,9499,Activities of other membership organizations n.e.c.,,
S,Private Households Employing Staff and Undifferentiated Goods- and Service-Producing Activities of Households for Own Use,,,,,
S,9601,Private Households Employing Staff,9700,Activities of households as employers of domestic personnel,,
S,9602,Undifferentiated Goods-Producing Activities of Private Households for Own Use,9810,Undifferentiated goods-producing activities of private households for own use,,
S,9603,Undifferentiated Service-Producing Activities of Private Households for Own Use,9820,Undifferentiated service-producing activities of private households for own use,,
,,,,,,
" Commonwealth of Australia, 2008",,,,,,
,,,,,,
